loan_id,num_transactions,total_withdrawn,average_withdrawn,balance_std,balance_mean,amount_loan,status,disp,PC1,PC2,PC3,PC4,PC5
4959,54,200844.6,6276.39375,12061.7056818761,32590.6240740741,80952,1,1,-1.47568727565082,-0.13594547151491,0.653701041889669,1.42567592321341,1.96687288905054
4961,80,226324.8,6656.61176470588,15039.2484049323,25197.0925,30276,0,0,-1.66003333303501,0.554276860331782,-2.47176685719625,-0.315366805064416,1.05138614960534
4973,125,789552.4,8972.18636363636,20955.6469983724,52523.2448,165960,1,0,1.57184663945362,-1.18999901608345,-1.24327515973905,0.0386156445269882,1.70314802364451
4996,31,190733,12715.5333333333,21638.2588696712,62778.0903225806,88440,1,1,0.939628314051308,1.24775273488583,1.24783537941491,1.0994144680772,2.26876143331909
5002,30,85630.6,4757.25555555556,11517.1752482123,38709.83,104808,1,1,-1.65879029879121,0.295815579595469,0.84438433902434,1.57255986173175,1.91335105986239
5032,61,260479.6,6678.9641025641,20572.4575297371,49084.3819672131,123696,1,0,-0.0275420879702368,0.387078667879102,-0.526648989660958,-0.08070960838435,1.76660496846205
5044,70,160567.8,3734.13488372093,9576.32771690869,35614.7442857143,100980,1,0,-1.8018698853182,-0.243600447125198,-0.598610312919647,-0.00127780598168814,1.64091768433282
5045,88,451311.4,9026.228,22038.4815890867,42084.3113636364,187224,0,0,0.428163343957736,0.652157412647504,-2.80063485030343,0.437070226064306,0.617844068535782
5060,61,319518,9129.08571428572,21418.9138558837,57340.5081967213,252060,0,0,0.790738555595277,1.38800414126129,-2.54800852665481,0.784653071094403,0.566235960965954
5082,56,166646,5207.6875,16330.1732223154,41729.6160714286,262980,1,0,-0.699596591841107,0.432595343452126,-0.853351755704564,0.951867590440176,1.13976384115745
5088,77,344249,7483.67391304348,13400.0640966406,44829.5441558442,91152,1,0,-0.476791569497767,-0.163761097137654,-0.515170700791338,-0.258199040585607,1.72163239939221
5125,51,51583,1842.25,6550.59542995513,23255.1490196078,73056,1,1,-2.93442106523,-0.494276151659341,0.682961311504193,1.49429028225807,1.66371202686046
5126,64,261411.8,7468.90857142857,22812.186440376,36369.975,208128,0,0,-0.269645298682661,1.18730687400386,-2.67468109290665,0.646414313231419,0.393891787561277
5128,61,156526.6,5049.24516129032,13056.9873065428,21447.6245901639,215616,0,0,-1.96671709844512,0.852996383877634,-2.77163046798788,0.937363873121621,0.170309390789804
5130,78,178798.6,4360.94146341464,7695.86280086246,29380.8397435897,24312,1,0,-2.18962897586489,-0.482372006370921,-0.444480968261705,-0.493500699726065,1.70438085724303
5131,117,688579.2,10126.1647058824,25825.8581816605,63857.2367521367,48624,1,0,2.08620809224233,-0.7215340692397,-0.625115671203726,-0.923705927903045,2.04139019699302
5132,58,234862.6,6523.96111111111,13408.0203646534,33687.8586206897,538500,1,0,-0.50083506083886,0.512282190117229,-1.59486182950737,2.82862540442401,0.0387479714925072
5136,25,201829.2,22425.4666666667,34581.4013483708,66292.372,187104,1,0,3.04291412231764,3.07408966965565,0.183743290667227,-0.0584349939864232,1.64474574519343
5138,148,205694,1922.3738317757,6554.7605128343,30847.1493243243,87216,1,0,-2.02516810447403,-1.81516607640965,-1.03360460493118,-0.117146995891646,1.47288650888331
5145,35,279107.8,14689.8842105263,21979.384405419,56105.5,309552,1,0,1.38217987128794,1.73768032939588,-0.480654289184635,0.98734350411249,1.07176111329148
5148,94,647844.8,11169.7379310345,20167.8024295163,64182.6414893617,284280,1,1,2.10858058113043,-0.543496562526179,0.190484512204402,2.23442092748255,1.3915795697772
5151,30,233029,14564.3125,24683.0632141581,72242.8966666667,189060,1,0,1.90325731497705,1.92182181057601,0.0354342824326931,0.0434551944308995,1.66802477055697
5160,65,231318.2,5782.955,12656.7828254321,37809.3984615385,204000,1,0,-1.01341577778554,0.0705181502494984,-0.745594875038184,0.568764941039235,1.17376958928968
5161,14,30700,10233.3333333333,19672.650902027,41660.3928571429,98184,1,0,-0.653684123242557,1.750912131618,0.048333007686252,-0.192653318389227,1.6107854141804
5170,41,203628,10181.4,26552.7395045982,47302.5463414634,253200,1,0,0.718540372945246,1.36940290329441,-0.585597237829645,0.683817506398296,1.15024945658614
5176,51,136135,5445.4,13015.0266748654,23979.0117647059,192552,0,0,-1.93974188653035,1.06293752744486,-2.57903545381561,0.752356022691681,0.217787614093722
5189,54,170898,5026.41176470588,12658.2467643,36845.5888888889,149040,1,0,-1.3621935974383,0.214811849736862,-0.528408402104095,0.224567996735707,1.31683493040585
5208,108,616222.6,9781.31111111111,28762.2069360507,46341.2935185185,99696,0,0,1.36301497460088,0.249980232475876,-2.6834845249415,-0.34755277994336,0.75839509736514
5209,40,172602.8,7504.46956521739,14199.3815228476,37802.23,182640,1,0,-0.968207124620361,0.739335121244126,-0.451597558474906,0.407939565234996,1.19386525033265
5212,86,194848.8,3418.4,9923.17154112448,34577.3023255814,71064,1,0,-1.77123304766202,-0.620115598703892,-0.557106376154822,-0.275888938424061,1.50521814764356
5237,90,321820.6,5645.97543859649,11574.1022400041,48152.9533333333,45336,1,0,-0.707779314644822,-0.600576937708967,-0.374091274932165,-0.623407245852335,1.71286639859092
5269,65,373395.4,10091.7675675676,30609.3898880806,41752.1615384615,164052,0,0,0.876660889220381,1.41942698569272,-2.48012107642926,0.146939041100108,0.435129257042335
5282,120,419816.8,6360.86060606061,21196.6821317327,21371.32,388512,0,0,-0.288388572249968,-0.0309275698038515,-3.62374058837936,1.86019216579901,-0.618445415015901
5285,51,70804,2622.37037037037,7684.86970531107,25900.3196078431,78936,1,0,-2.68000349390393,-0.0550474152502149,-0.373491306186741,-0.110005772896136,1.29313763336879
5301,10,21200,7066.66666666667,17970.9789771546,32592.68,141948,1,0,-1.38886275180134,1.44575372642385,-0.141791787062767,0.163107672422861,1.17801220706633
5310,120,306647.6,3694.54939759036,10761.578895609,36063.7883333333,248148,1,0,-0.995345249374308,-1.14940374212724,-1.17768301786007,0.797200436006057,0.784433559529337
5311,186,427623.2,3032.78865248227,11270.5037458701,37213.4075268817,30060,1,0,-0.895163553842258,-2.57728005090417,-1.0675295500968,-0.730333945895834,1.50722341689125
5312,79,596766,11259.7358490566,23297.6635746445,57124.2683544304,202788,1,0,1.72204720605854,0.122674426819303,-0.665846214566859,0.138605982089039,1.21320797124971
5314,4,0,0,8330.8663014919,12250,96396,0,0,-3.83138919258362,1.20295540342872,-2.18922772852798,0.298442847873836,0.242139050939866
5316,37,177684.8,8884.24,29122.0594539456,52083.8594594595,165960,1,0,0.766539372494567,1.34475834971034,-0.253316889254759,0.0050621272883607,1.3214892457725
5319,46,204742.4,7312.22857142857,16062.5321384148,40061.5804347826,239460,1,0,-0.582322198204128,0.661346844718482,-0.579208917826855,0.70047422215566,0.888085708915724
5325,25,86017.2,7168.1,14151.2604430371,41297.48,105804,1,0,-1.19363291372548,1.01650362234918,-0.0274408393548705,-0.148186107352456,1.34943837975269
5329,95,688055,11661.9491525424,20275.1419809661,58855.2778947368,396120,1,0,2.16656147781263,-0.163680389912498,-1.2283872146735,1.39758502740625,0.540841307825458
5337,15,75800,15160,24180.8889239258,51279.5533333333,162468,1,1,0.78487028063419,1.95729571664153,1.34896429130124,1.53765817232408,1.45257420580601
5350,60,272164,9072.13333333333,23021.0410612378,35914.855,249312,1,0,0.0994249062615231,0.683299793110355,-0.750016977053617,0.692565742230678,0.778945462608421
5351,129,568958,6117.82795698925,17204.0709095607,58336.311627907,205200,1,0,0.995179649719422,-1.26676793780132,-0.993824151188189,0.191719788516441,1.14008014165684
5352,14,38800,7760,12297.1550986777,31793.7357142857,68400,0,0,-1.96458760394936,1.90940656381573,-1.74101228488594,-0.176396824243571,0.505465638471056
5366,42,328916.8,12650.6461538462,25642.0771571919,60273.6785714286,86184,1,0,1.352887979457,1.25435906049284,0.0893478469003694,-0.643913333419522,1.59612527278446
5375,38,93670.4,4683.52,10352.391968575,26449.0921052632,101520,1,0,-2.23756416029657,0.387112787057753,-0.27481231048679,-0.0339679615828848,1.11475141761668
5385,31,132235.8,8815.72,16380.594606473,49220.9806451613,71460,1,1,-0.454896922038646,0.692946037274585,1.32116023035909,1.03006106442984,1.65289375686119
5388,71,335723,6851.48979591837,17762.2246702773,32967.7126760563,61560,1,0,-0.774313480679109,-0.116895793592438,-0.417979789605714,-0.501958317064262,1.31015283628764
5390,77,328291.4,7136.76956521739,13589.3839888406,40091.1831168831,170256,1,0,-0.559182505313254,-0.168933275956959,-0.59360609231579,0.190724257317432,1.00714305779273
5395,126,793310.6,9916.3825,33855.6980257672,51992.8547619048,299088,0,0,2.68742095244965,-0.0235389785220495,-3.26087079263367,0.772845199104924,-0.0871163889389257
5409,59,498050.2,14230.0057142857,21927.6795286742,67475.9016949153,182040,1,1,2.11039067934781,0.488244894969872,1.00054063219187,1.43404900275329,1.44894665899907
5413,109,645385,10938.7288135593,26490.3161352521,50436.4660550459,92976,1,1,1.72231436238449,-0.862043729050598,0.535313463071813,0.90798072252265,1.54676210368778
5414,34,167625,11973.2142857143,31588.3799619124,50113.1941176471,185952,1,0,1.17036985163336,1.7728929983598,-0.167402616687156,0.071225396163485,1.10654401775375
5415,31,105200,8766.66666666667,12989.7812150903,31532.7483870968,139464,0,0,-1.52547604404535,1.70077249538971,-1.99189776002415,0.234900486565942,0.173096402346217
5418,120,777712.4,11110.1771428571,23422.0265006617,54157.1941666667,347952,1,0,2.31818042149885,-0.73504479266995,-1.34156519822453,1.0256645701542,0.532720814652718
5429,96,375221.2,6051.95483870968,15288.6889647388,52636.5989583333,20196,1,0,-0.144255196034837,-0.672193598798553,-0.233844728171658,-0.950085379200256,1.60624920388447
5445,178,705943.6,5430.33538461538,20752.0889350489,43657.8134831461,46320,1,0,0.743861520606509,-2.41268893101338,-1.10185240585632,-0.865409053221493,1.37508592654412
5449,52,97645.6,3487.34285714286,7892.72182874921,27019.5711538462,99336,1,0,-2.44272379010661,-0.0289355174244551,-0.314280510279864,-0.0627012584304315,1.02098893077534
5450,74,262118.4,5698.22608695652,11909.1687727066,33658.6175675676,199680,1,0,-1.1437335619339,-0.210913853554258,-0.677200218281418,0.454201179564548,0.755125673620527
5452,110,282611,3577.35443037975,12804.4639168701,47798.8654545455,49440,1,0,-0.804290348256265,-1.0416539108238,-0.418573623806659,-0.679015826840488,1.41512137045121
5453,75,112615.4,2963.56315789474,6686.14559025204,22927.5026666667,156672,1,0,-2.53044844735151,-0.462086265654889,-0.638387704178292,0.344580442678615,0.763417931675482
5464,90,686391,13727.82,24705.82136034,59701.7866666667,95808,1,0,2.18159538848939,-0.00982205850537989,-0.330085649171254,-0.709727383494716,1.39872730869591
5470,35,169359.8,9408.87777777778,18916.9395762718,47938.0657142857,200976,1,0,-0.0227638987543764,1.15210940202936,-0.182667830528314,0.293132984572181,0.921281029519524
5479,73,552028.8,13143.5428571429,29534.2181133033,55582.2260273973,24516,1,0,1.88632673044808,0.475760811672853,-0.06841545022211,-1.15647666828437,1.59770808282909
5482,116,175229,2654.98484848485,6878.83656641474,24377.3715517241,165120,1,1,-2.15022885479141,-1.58393280911765,0.273046706352733,1.87671007789828,0.872157740067488
5494,136,980640.6,12413.1721518987,26193.2113809294,51149.6551470588,360000,1,0,2.95084538374409,-1.13154846125165,-1.56013838983875,1.02087330660978,0.354454478386
5495,44,81813,3408.875,10748.387757632,39644.7636363636,89340,1,1,-1.75498646344475,-0.148382180204982,1.07139596201802,1.27568587636608,1.32678261808338
5519,70,204112.8,4746.80930232558,10641.4227535957,40976.9428571429,91632,1,1,-1.26801149365823,-0.618756181937115,0.921193848605032,1.22020968511826,1.28788792446957
5523,19,50300,7185.71428571429,14598.865783435,37510.4947368421,93888,1,0,-1.40413804997817,1.12821948555661,0.126847395075818,-0.268528913215547,1.09148379359625
5533,152,1001742.4,10327.2412371134,26285.8630675545,65097.2243421053,111384,1,0,2.98718744243956,-1.75888780649609,-0.9238014303191,-0.757781413254626,1.30037856148651
5549,43,116683.4,4861.80833333333,10371.1237818631,37570.6279069767,50460,1,0,-1.79254156005965,0.268027956230411,0.0419714136104712,-0.541307116486732,1.18510135385912
5563,109,853620.8,13768.0774193548,27227.8660788503,64777.0752293578,380160,1,0,3.41986421953206,-0.284230351205769,-1.15880457280159,1.03775660940178,0.366889582521931
5568,84,437685.4,8753.708,24196.754530887,44602.6416666667,272520,1,1,0.98602176873627,-0.315563702989178,0.326637857037536,2.17812687259281,0.681957323235856
5576,120,803766.2,11648.7855072464,28994.6264318251,64493.0991666667,31248,1,0,2.68695617771211,-0.80322520508923,-0.385856397112249,-1.28057663493619,1.52948969074087
5586,14,48300,16100,19512.7909722538,42930.2071428571,48744,1,0,-0.0799508957241475,2.19973435798945,0.609989724117683,-0.753079430246489,1.22428995049008
5591,30,125043.8,8931.7,13711.0944582933,39426.07,155616,1,0,-0.942887784544569,1.02795200692557,-0.0111992332658985,0.0708880946094713,0.804721827233768
5593,117,621331,8751.14084507042,28041.8750797263,46487.0025641026,277884,0,0,1.59211319566015,0.0630994877665485,-2.98352354471693,0.69104831551386,-0.347689494634175
5595,126,654213.6,7111.01739130435,24685.921391444,57141.730952381,82896,1,1,1.56929079882261,-1.57289029575748,0.537978597943863,0.749380380114996,1.41521689183054
5599,151,221301.2,2258.17551020408,7049.35098797991,24577.2,15420,1,0,-2.26658805256476,-1.99052475597309,-0.67576650444087,-0.737629804154529,1.03949710676746
5606,29,158340,10556,24704.3850183754,37095.8448275862,253512,0,0,-0.0116541982733089,2.21772214179598,-2.16793127032232,0.752783867079414,-0.362822909616112
5610,128,737938,9224.225,28089.5246363499,70622.83359375,123216,1,1,2.77361175437657,-1.36133867081704,0.569735328495732,0.840569984190073,1.41967474300014
5611,38,239523.8,11405.8952380952,21716.7502502962,40524.4631578947,321180,1,1,0.475716732604045,0.93119657465049,0.660772908452719,2.58139392499747,0.4227627512967
5624,95,312411.9,5295.11694915254,21147.0807028478,26746.5252631579,177744,0,0,-0.798822734218455,0.231336160244386,-2.66921588238926,0.326801485555626,-0.279506929339778
5625,59,316112.6,10197.1806451613,26510.559286204,55230.4440677966,222180,0,0,1.13837439007014,1.55127454609511,-2.16389399532471,0.330394336947458,-0.080740296168219
5635,77,549385.4,13399.643902439,30287.2146676703,50722.2701298701,77184,1,0,1.88028972623116,0.463064503552002,-0.181377028004809,-0.839836739674743,1.16065468941008
5657,46,79197.4,2933.23703703704,8705.18353992897,30533.3717391304,4980,1,0,-2.50164579669813,-0.0296857095042743,0.101140252653105,-0.794735841391209,1.11404500916101
5693,32,83702.8,5580.18666666667,11906.808161813,36548.81875,44088,1,0,-1.75613319867985,0.573593266818897,0.219806087597914,-0.637675773503965,1.014924473994
5706,130,430202,5515.41025641026,19260.5462439382,33219.9,161496,1,0,-0.209935413763036,-1.23801671798812,-0.907527194699544,-0.0260911162067345,0.543796854665956
5713,166,376698.2,3393.67747747748,8944.71531123884,24908.7614457831,158760,1,0,-1.43468242897702,-2.22275985335058,-1.12601683188222,0.105372305855751,0.40628730738266
5723,110,513313.8,8414.98032786885,27950.2106897095,47420.8418181818,23628,1,0,1.08124788082105,-0.60403029669322,-0.322003490123465,-1.15973485194719,1.17848442813464
5724,139,262702.8,3325.35189873418,6901.26079064652,18632.9338129496,316140,0,0,-1.99344716982028,-0.877352546944247,-3.19325427967804,1.38248421525589,-1.02814878225322
5725,64,184989.6,4999.71891891892,11798.8301963365,32404.7734375,444864,1,1,-0.940222630691603,-0.229586367680843,0.101714284764123,3.55199264944765,-0.265168213858259
5739,45,68782.4,2751.296,8289.78009371184,26122.8488888889,76380,1,0,-2.61885676264377,-0.000504243798731999,-0.0699237337386261,-0.309359412394655,0.714878859740427
5740,13,34200,8550,14265.870341694,35538.0461538462,18564,1,0,-1.54235018521966,1.27401691942975,0.507831379434397,-0.841187272803178,1.03785654431338
5741,54,229736,6209.08108108108,20196.0740707449,44948.6259259259,68544,1,1,-0.336286498146941,-0.0497938990396487,1.18776899957716,0.863044053296844,1.15487911168023
5750,164,750681.8,6471.3948275862,18482.2989464827,49291.8225609756,63252,1,0,0.97995958262968,-2.24375477471493,-0.809866022368534,-0.905822160710569,0.979371185074062
5754,171,295101,2399.19512195122,8912.01935825443,23771.9660818713,23052,1,1,-1.86990551798754,-2.74943059580137,0.388665192205042,0.754022401337973,0.972496497694606
5804,156,659291.4,6339.34038461538,23319.3381850464,49916.091025641,158976,1,0,1.31608593308296,-1.78088972926848,-0.952825326427283,-0.314016279416763,0.613973648422049
5805,12,20600,6866.66666666667,11982.1017548871,26886.1916666667,137904,0,0,-2.16060080984257,1.83993223836918,-1.71133154149508,0.161356426280434,-0.375759545816202
5836,16,154716,25786,29061.5370551754,63494.2,79632,1,0,2.60649499732368,3.27377301229545,1.05794835746379,-0.996481616775572,1.03972981456195
5837,42,202884.8,8453.53333333333,15757.722747156,38426.7285714286,244560,1,0,-0.537741269137264,0.749524055617889,-0.249235881024042,0.538723188522555,0.173270904223772
5861,64,404546.8,12258.9939393939,27533.4936541272,52299.2859375,51408,1,0,1.31238587505049,0.670476255928796,0.181372847104919,-1.04718350360653,0.971404290145122
5876,71,406491,8836.76086956522,18388.5280031,37596.9323943662,221280,1,1,0.130738225335,-0.327501307827242,0.693769758361157,1.83477594470487,0.357886646212489
5877,112,210800.2,3011.43142857143,7476.93779226286,22360.5366071429,97224,1,1,-2.20181044450966,-1.65155221827285,0.653396564494304,1.2749452707161,0.563499587840522
5880,19,125000,25000,32965.1457780967,55315.1684210526,73836,1,0,2.43272587104059,3.26290197324622,0.954113408089549,-1.00907706254717,0.920983595561593
5882,84,182801,4251.18604651163,6896.75358541,25533.2142857143,87816,1,1,-2.16666182292542,-1.06555684663703,0.92442950021771,1.20445358593641,0.632114414908419
5886,26,186756.2,14365.8615384615,28733.3431882516,62590.4230769231,192744,1,1,1.80025005733565,1.63219485832608,1.52334060037055,1.37381242262025,0.773264660137852
5887,76,275959,6417.6511627907,16917.1617941261,37265.6552631579,192744,1,1,-0.470831399435913,-0.487889099529275,0.762913645475314,1.69413877593701,0.436514708425796
5892,10,50600,16866.6666666667,21490.6264629644,34798.28,66480,0,0,-0.285302776009027,3.02945953256755,-1.15999473494837,-0.58258850990451,-0.146024227747494
5897,169,337748.2,2768.42786885246,7237.18098879355,29941.9053254438,15192,1,0,-1.70464448467427,-2.43021710688847,-0.599396197003534,-0.938726919115209,0.703149942637588
5900,77,548471.4,12188.2533333333,30587.6036432061,64881.3142857143,135360,1,0,2.46727516961232,0.413710026888818,-0.0569144228879468,-0.663907211600778,0.784815128888063
5918,71,216556.8,4921.74545454546,11447.5474997358,34084.4605633803,300204,1,0,-1.12134232541272,-0.168631135561994,-0.6289727751625,0.954394658680474,-0.188541013354094
5922,51,232102.6,8289.37857142857,25420.7275660302,41077.6352941176,20220,1,0,-0.0610887564248525,0.632376009318935,0.242214247854485,-1.09754283145755,0.876552317026866
5923,12,15900,5300,11814.9711817702,25896.4666666667,64656,1,1,-2.29914491160685,0.529491191864207,1.49074262502651,1.06314932281978,0.705079157519869
5938,54,73191,2927.64,7900.83174172206,21568.9351851852,402000,1,0,-2.19758923822118,0.0659505275786934,-0.863325771184577,1.80737381506949,-0.700558745946215
5959,23,168455.6,15314.1454545455,22727.6702252298,50214.5043478261,107640,1,0,0.726931216348592,1.88709659341011,0.581337049214961,-0.61354280945383,0.62835155925075
5970,103,423269.8,6511.84307692308,13613.1005661918,27778.745631068,465072,1,1,-0.247963932685583,-1.06763520885111,-0.186643333672014,3.53058135328034,-0.723394441473295
5980,78,168742,3835.04545454546,7990.97115123813,30812.9461538462,21396,1,1,-2.07281589847641,-1.00723237921312,1.22499421903117,0.683020613752885,0.79570821778849
5988,18,82600,16520,32279.9221627744,45100.4222222222,141648,1,1,1.26734475851569,2.11547965502883,1.66691657737436,1.1096384464515,0.622752826663458
5989,59,96377.6,3011.8,7864.49589327442,27951.913559322,213300,1,0,-2.19946834116531,-0.170965520565004,-0.327927890325675,0.473299931551051,-0.0600891651600769
5997,13,65200,16300,19844.2475911528,44131.1692307692,117024,1,0,0.178438034139827,2.21087542136097,0.687714659197188,-0.477726001114169,0.471449980984718
5999,177,374230.4,2946.69606299213,12078.5510197319,31814.2683615819,98832,1,0,-1.02747235756104,-2.40819230554399,-0.828821918453911,-0.491778397309273,0.321002277880044
6004,139,619833,6737.3152173913,23416.5632154416,49727.4561151079,143904,1,0,1.20803122306072,-1.45541498105575,-0.674446945084142,-0.476700306868141,0.407908259374602
6006,48,173996.4,7565.06086956522,24143.8743968576,32434.69375,359760,1,0,-0.0881401635724724,0.886366120181157,-0.615707342256665,1.22474635022236,-0.478013754309134
6011,52,214293,6912.67741935484,14278.2257370368,44093.9711538462,179328,1,0,-0.607419501122011,0.330582419339547,-0.0189603798879793,0.00700349906537601,0.225325847182108
6012,16,42500,10625,17230.1596177507,40688.1375,258444,1,0,-0.472188325693638,1.66493643768621,0.142160336157774,0.557644508861219,-0.0627049674410221
6013,82,305229.1,6494.23617021277,17311.1197155447,34740.7024390244,128988,0,0,-0.756359679223197,0.391464147529004,-2.09060568928192,-0.183438548679748,-0.541076386725742
6015,82,653194.2,14515.4266666667,28391.5690857361,76232.7,110112,1,0,3.1513987702995,0.339100712709766,0.196132280779221,-0.992067575504248,0.834992395700094
6019,77,79808.2,1662.67083333333,6234.41540799535,27533.6636363636,11400,1,0,-2.76654016951378,-0.758064047637416,0.0781853525288004,-0.862878350611362,0.567389873358715
6027,12,66200,22066.6666666667,24849.149080235,44763.4583333333,61656,0,0,0.884813598319166,3.59311564836125,-0.840290419408206,-0.826618648614457,-0.191608072151118
6038,57,319437.6,11015.0896551724,26516.4280016284,45414.0736842105,323472,1,0,1.15254777109485,0.927321324196009,-0.413850994332957,0.785477065510971,-0.253093207376475
6043,48,75993,2922.80769230769,9092.64521654937,31814.4145833333,20352,1,1,-2.31244430336413,-0.459550023849279,1.45526941956225,0.679877417765938,0.746905539275297
6063,50,354117.8,13115.4740740741,27435.7031200293,49482.968,320976,0,0,1.48109511622186,1.92615478624355,-2.1144044803666,0.827806230847478,-1.05266348292305
6064,102,191293.4,2620.45753424658,9015.76816505543,32788.1421568627,14628,1,0,-1.97406661954689,-1.14123268562735,-0.0417393886316161,-0.970172347238888,0.553786539654688
6066,75,605156,12350.1224489796,24967.3908398702,61218.6586666667,173808,1,1,2.16342934384116,-0.170336144555232,1.09236169549435,1.13263525102719,0.551039199219534
6072,29,205400,22822.2222222222,30034.3134358623,63579.2172413793,193968,1,0,2.74110504002304,2.77636234088914,0.704386921510183,-0.330128998950716,0.349782998188306
6073,92,129030.6,2745.33191489362,6720.21750579642,25997.5630434783,276300,1,0,-2.08966068509065,-0.758734325286556,-0.652358843288565,0.856056622142862,-0.421088695498115
6077,53,414536.6,13372.1483870968,24870.2329276802,69954.5716981132,79608,1,0,1.97535120740881,0.918137048729131,0.540284315755482,-1.06890963394513,0.790851347117686
6087,66,324344,7722.47619047619,30520.9608072814,45854.8909090909,300660,1,0,1.14345330767745,0.541213736424934,-0.511540652074677,0.599396825856522,-0.219323433051884
6103,56,150037,4546.57575757576,10432.3446424138,29069.1160714286,149340,1,0,-1.84883858103802,-0.0566217055904531,-0.0806490610686176,-0.0470825265226743,0.0247810320726666
6109,182,1000385.2,8067.62258064516,28681.8083833356,60030.7434065934,368880,1,1,3.38594139816094,-2.65333160879799,-0.373475595889693,2.2842175962089,-0.20431841473745
6111,32,155856.8,9741.05,28302.6531429867,37485.45625,174744,0,0,0.082520282622376,2.05736024938388,-1.74301898964879,0.00215793022047944,-0.740792344162652
6112,118,431696.6,5396.2075,23430.5219183994,26252.8144067797,174744,0,0,-0.332079648721524,-0.326981874018044,-2.59923131798445,0.0616401292312902,-0.91683243762863
6120,68,468771.8,11161.2333333333,19403.3349506139,46230.3397058824,209184,1,0,0.801132418034826,0.231352532657989,-0.164761003800164,0.012045678204378,0.00408570498831554
6130,107,138942.6,2043.27352941177,7545.46631844195,25906.4093457944,32640,1,0,-2.44439001772005,-1.24927637149564,-0.123300483943502,-0.799015377753673,0.322926945592094
6137,146,999160,9700.58252427184,22661.8837804567,49477.3212328767,44628,1,0,1.93977957842178,-2.02749553315819,-0.538297083300923,-1.27319777665184,0.547552625241705
6144,39,264860.8,12612.4190476191,28278.2450646163,53505.2153846154,44376,1,0,1.11933373180737,1.29948941037092,0.604716956273091,-1.18330816783611,0.652992834281038
6150,196,1280923.8,9929.64186046512,25921.0441064247,67891.9352040816,83016,1,0,3.66720244801445,-3.05483264648639,-0.889121575207239,-1.28441176976477,0.599236439193396
6151,51,122833,4235.62068965517,9614.3623318295,31185.1568627451,225420,1,0,-1.78324050529294,0.07269304442078,-0.179315600464809,0.440261373480902,-0.269640425043933
6153,49,240990,9639.6,26473.4218237354,49651.8918367347,285600,1,1,1.02425210416677,0.641607773999158,1.01178601507506,2.02467222289883,-0.0458768878900884
6157,26,118560,9120,19656.2943813719,54128.5653846154,98592,1,0,-0.00526216743437817,1.20800771445809,0.606141891254274,-0.697407229792191,0.447165627706505
6169,109,197239,3034.44615384615,9371.38757971168,28250.1091743119,103680,0,0,-2.02549693992889,-0.464717969783032,-2.12494976862559,-0.267757633177637,-0.761520225593232
6175,100,707941.1,12205.8810344828,31590.3305958896,59647.424,290700,0,0,2.84266711768699,0.588315775553875,-2.41905354140672,0.379001328049205,-0.990394328356016
6178,27,155779,11983,26204.0306754661,63188.6333333333,232560,1,0,1.39464292163467,1.72696517800935,0.391839283128319,0.0251916805316074,0.0870651746516384
6185,23,78490.6,7135.50909090909,15340.9509716157,46304.152173913,31176,1,0,-1.00841038501515,0.920853809178321,0.718003985008878,-1.03126386670963,0.539423451162839
6190,49,215719.2,7438.59310344828,23277.8730933322,39514.6775510204,123600,1,1,-0.138801771262205,0.208891807736949,1.29886104663108,1.06525567672939,0.329402158385676
6202,82,456882,8786.1923076923,18172.7682504688,47426.55,65184,1,0,0.324100954741252,-0.349852637645704,0.125885510551821,-0.964732292600407,0.391731756834601
6210,33,55837.2,4653.1,8425.33267236824,28362.2484848485,87216,0,0,-2.48809485873241,1.04993677746263,-1.50845298563162,-0.320094617415482,-0.733051379453015
6216,102,453576.8,6047.69066666667,19476.2939912246,57219.5745098039,141240,1,0,0.747786998057506,-0.789776253311728,-0.148301908976727,-0.545137738104212,0.232052737971832
6223,64,163920.2,3998.05365853659,9064.78033824496,36039.0515625,61056,1,0,-1.80948118448411,-0.352607609535108,0.230374817731979,-0.729852291147686,0.239298384098682
6227,94,364384.4,6506.86428571428,11726.6176071652,45582.4489361702,28248,1,0,-0.598515057774289,-0.816892876262575,0.190385656403289,-1.12602849267094,0.443207887545179
6228,68,409732,11073.8378378378,27848.6867075738,51760.0161764706,464520,0,0,1.82583179176014,1.46210338219034,-2.55323217733414,1.69044018114574,-1.72856373499815
6229,133,387691.8,3996.82268041237,11703.0397710468,42224.4390977444,11736,1,0,-0.816136871798573,-1.72678399717485,-0.10377517663709,-1.22047930074272,0.447144959879355
6232,58,91587.6,3270.98571428571,6029.33831266494,19256.8948275862,276660,0,0,-2.67168069881171,0.513985335633968,-2.25139470262585,1.01138785579795,-1.52066478505195
6244,72,441010,12250.2777777778,29717.3445728698,60819.9763888889,270648,0,0,2.16971680426723,1.39830083967761,-1.97591955869036,0.288162959372843,-0.989784854839708
6253,54,203402.6,6356.33125,12827.1939141715,40204.4648148148,59760,1,1,-1.06192156666447,-0.293337611548567,1.53524617195453,0.704642806445753,0.436947713875507
6272,86,682119,13117.6730769231,21947.8810920456,63383.5755813954,398640,1,0,2.62363835062531,0.050533454759449,-0.55448145009347,0.986283134453056,-0.64198351607783
6279,30,107655.2,7689.65714285714,13552.4494898524,36783.95,87360,1,0,-1.28432761847779,0.763024813482502,0.501844452888639,-0.61807371544154,0.107263193333421
6283,85,597403,12710.7021276596,26945.9103806775,65066.7352941177,85632,1,0,2.31903885774749,0.0663790750346331,0.263588670229768,-1.13570660088183,0.437200855859669
6294,95,350466,5310.09090909091,11483.0132846738,43846.9778947368,79920,1,0,-0.727085539990041,-0.910557632107149,0.0478864732954611,-0.780870356688112,0.162853858034961
6296,87,510635,9284.27272727272,18202.5397930386,47654.2448275862,270384,1,0,0.85271188972745,-0.321059967827106,-0.377924061993887,0.343199402801852,-0.424080724291788
6297,72,150326,3666.48780487805,9324.20998158318,39290.6180555556,17508,1,0,-1.75591796666402,-0.509684361804733,0.373144588514916,-1.07800259862187,0.325610922515669
6302,93,316966.8,5660.12142857143,9801.68064452976,34005.9064516129,181020,1,1,-1.03753777352267,-1.16896984870881,0.91367170382167,1.52467585898164,-0.132750879913349
6303,13,72800,18200,19929.621714111,45099.2615384615,72408,0,0,0.22963932195386,3.01886292116803,-0.797329435883042,-0.793637889233678,-0.593622145349079
6306,125,280493.6,3739.91466666667,7937.35331596712,30229.7976,36684,1,0,-1.75312725802257,-1.59080871301037,-0.120155350658727,-0.931349975981426,0.117498110221009
6309,63,346933.6,10203.9294117647,29147.9849170016,50815.8047619048,110136,1,0,1.19617527399317,0.595501205239204,0.241370228044583,-0.806880651027712,0.181423266592659
6315,69,473819.8,11019.0651162791,22291.6540331866,68377.0637681159,43164,1,0,1.61759043574622,0.200856409942631,0.574552515450365,-1.37188088912638,0.573456246268937
6316,102,651909.2,10865.1533333333,23250.7804345665,52890.4039215686,76908,0,0,1.40635197923097,0.0800439579466448,-1.82503717282825,-0.954820069398975,-0.555897863755266
6336,71,369095,9227.375,27309.5010856471,51034.361971831,212400,1,0,1.22703115674713,0.365579417729802,-0.0699298779555258,-0.125325595455085,-0.203581808134413
6342,56,413867.4,13795.58,34206.9874151755,72667.6357142857,60156,0,0,2.64682289635976,1.83162050808224,-1.14465837515123,-1.27984335387695,-0.253567885968353
6354,11,3600,3600,11195.5739582455,23324.9363636364,22968,1,0,-2.73871030093352,0.646016784564153,0.613291968936721,-0.879828595145899,0.0806041244487537
6356,47,229878,9195.12,23576.7433442569,41562.3234042553,95400,1,0,0.051847443934519,0.731455251018101,0.376559013188155,-0.762542333185013,0.0552387952659586
6358,89,258086,5060.50980392157,11727.0660486249,24523.0730337079,137880,0,0,-1.71558435314313,-0.0144504248197882,-2.03292669079661,-0.11684581423727,-1.1568384466741
6362,76,261392,5808.71111111111,12938.940496291,42164.0276315789,37908,1,0,-0.935917516608109,-0.430894388832232,0.336354850541878,-1.06107431107291,0.208831886758053
6403,113,447115.4,5883.09736842105,13195.884796079,36421.4256637168,194880,1,0,-0.41081216018393,-1.201822103476,-0.413681677602229,-0.0481897319122596,-0.45710441099255
6407,37,163338.4,9074.35555555556,17426.036797827,56927.454054054,25944,1,0,-0.0468055946324632,0.816552601260195,0.893698595161811,-1.29842138143445,0.38542565447327
6421,66,418361.2,11009.5052631579,22929.2438140538,51611.3424242424,96768,1,1,1.04209775581352,-0.0567681668065544,1.52857164041409,0.623546032164577,0.238977715728623
6456,42,227910,11395.5,23888.3215594482,60382.0857142857,47016,1,0,0.939673093549037,1.05863735585,0.860685393626762,-1.29388644868949,0.303378637673397
6460,97,64953.4,1031.00634920635,5423.58757653173,23050.1896907216,48672,1,1,-2.86310095163347,-1.55099487195373,1.2485693407801,0.785730785008042,-0.0211929935975496
6461,122,537612,6477.25301204819,30062.3897433142,54371.2991803279,74124,1,0,1.54199305819304,-1.00749902993592,-0.102101400725253,-1.18512319354842,0.129330668707222
6471,105,283931.4,3640.14615384615,13513.4703010347,45183.3495238095,155640,1,0,-0.624660409382453,-1.02387843961215,-0.102774467450476,-0.357241890041219,-0.301025273890701
6474,119,176497.6,2521.39428571429,6107.70691624116,29108.3638655462,63360,1,1,-2.12901613307635,-1.87593105506221,1.14059355601976,0.775256245089054,-0.0303096906158402
6499,54,199944.6,6248.26875,12270.8957420796,33312.5388888889,80952,1,1,-1.34215993830123,-0.361083746950152,1.55108964168721,0.81020258182712,-0.0370721983924967
6501,92,218824.8,6436.02352941177,12216.3463270595,31318.872826087,30276,0,0,-1.50865216897102,0.0770746577841627,-1.55414586980519,-0.955857981321891,-0.904081812213118
6509,98,420214,8239.49019607843,24131.838911621,46061.3193877551,55368,1,0,0.638297304650745,-0.484046191543834,0.187926733551184,-1.191018115555,0.0227533578984198
6512,82,68183.8,1450.71914893617,5522.43286901478,22551.7792682927,63312,1,0,-2.91820316183872,-0.908813579779298,0.158435965081912,-0.666443272508445,-0.313052466175477
6520,36,163633.8,9090.76666666667,15743.4335553044,32558.5333333333,91200,1,1,-0.965324632370588,0.352072138193747,1.71012287915748,0.841713909712949,-0.0945784377929753
6526,17,47000,15666.6666666667,16205.7218110815,36999.5235294118,288468,1,0,-0.113790187233776,2.04418943873632,0.484858111241636,0.546194921979625,-0.891923241299644
6535,105,296910,4012.2972972973,13263.3487517078,41502.0257142857,41952,1,0,-0.923744237288659,-1.12797711101953,0.183790494432346,-1.11175896694084,-0.0456805272930638
6540,56,431533,12692.1470588235,20963.7284754465,58185.5892857143,309600,1,0,1.62684443848456,0.732550584501322,0.0833065557403237,0.405541270659529,-0.738202633296452
6545,87,487687.8,9378.61153846154,26747.6519343773,53685.7862068966,191880,1,0,1.54849393791339,-0.116006728288154,-0.020778362646557,-0.393623901923943,-0.387493205324414
6546,117,286224.4,3766.11052631579,9913.02291629028,31139.7478632479,31728,1,1,-1.52965533025112,-1.83158573352829,1.23092994455258,0.461574815350425,0.0141052079820866
6550,88,575944,9930.06896551724,21161.1082372356,60781.3068181818,320592,1,1,1.92622983874812,-0.623103954961536,0.904271445199571,1.9684058684876,-0.593407305929818
6577,102,689863.6,11894.2,26115.0300582261,58226.5049019608,51696,1,0,2.08960868317817,-0.549962666157112,0.273211805376821,-1.43574118904837,0.0790663545148408
6578,76,267814,5822.04347826087,16237.3338015726,30639.8631578947,27984,1,0,-1.15613389845504,-0.436585761412099,0.327400426797407,-1.14756992806312,-0.16250161716963
6580,47,202675,7506.48148148148,23182.3966120405,49143.9659574468,196080,1,0,0.306188678230591,0.673657044065192,0.305231037629345,-0.220492561350747,-0.486964389186746
6585,172,1282370,12696.7326732673,25895.9123556906,64044.0459302326,372120,1,1,4.27170434985886,-2.64754364174508,-0.0253190738610468,2.02974925115395,-0.810906361968159
6589,89,471127,7985.20338983051,23400.6344403618,54137.1056179775,189696,1,1,1.23378146992328,-0.726654462508544,1.1650377575039,1.15141207327829,-0.267075382299928
6591,151,179743.4,1728.30192307692,5923.77470848619,21368.9099337748,20832,1,0,-2.52654168568704,-2.16147016718472,-0.131179315679074,-1.04687954046277,-0.314241813846085
6594,5,0,0,8889.03819319053,14900,189696,0,0,-3.44320167193607,1.09239393342679,-1.66263527031261,0.386206265239947,-1.713551804298
6596,31,207622.2,12213.0705882353,18234.7410890329,50765.4161290323,91584,1,0,0.242065722296515,1.1639416383769,0.865788410571432,-0.923990514934114,-0.156085737076329
6598,147,707829.8,6434.81636363636,19532.4684934742,47220.1340136054,68112,1,0,0.890194916849159,-2.01944438903976,-0.246777523831325,-1.1802189660509,-0.158658703745217
6599,102,683905,11030.7258064516,20598.0023080414,75686.0656862745,72120,1,1,2.40188183855728,-1.06664996206373,1.6169171284445,0.143759844421633,0.340738048086995
6600,18,61640.6,10273.4333333333,15001.8555730028,38509.05,21852,1,0,-1.08184645776762,1.22628720601115,1.03534769719455,-1.21268373321688,-0.0665121026766648
6613,19,108330,15475.7142857143,24271.6240579839,56910.6894736842,84120,1,0,1.0016373446383,2.01685185006028,1.14683334465107,-1.08391380227772,-0.0626367557635351
6624,43,185958.4,8085.14782608696,19235.7296006123,47991.5302325581,71460,1,1,-0.159611120783641,0.232487326857337,1.87976299378487,0.515710947432609,0.024196053924851
6642,60,382261,10059.5,23174.9518368682,55570.305,77640,1,0,0.963787762392322,0.348731321209638,0.604592338869157,-1.14553957078554,-0.108025715878272
6644,55,202933.4,5968.62941176471,21469.6303402672,40078.7072727273,93600,1,0,-0.467410030284273,0.22781685553562,0.421079536982242,-0.83197009204397,-0.335286364062081
6645,45,233173,10137.9565217391,18981.7909761338,43563.62,140400,1,0,-0.00915871457634937,0.72422977864061,0.528946336742311,-0.563133835290615,-0.467116955378766
6647,85,378872,7286,16039.8608356021,43944.8894117647,208320,1,1,0.101016139811345,-0.813120801677919,1.15776750721379,1.41964915464569,-0.542322549731144
6650,49,250598,7831.1875,24439.8771809198,46576.2775510204,49320,0,0,0.0334656835950755,1.2016091541041,-1.1967022048302,-1.09721677992413,-0.93469672282481
6659,68,123420.8,3085.52,8426.83221179932,20158.0014705882,56100,1,0,-2.61426017588625,-0.585006779416114,0.300268793209565,-0.789754069038952,-0.498109226514134
6667,142,846557.6,9302.83076923077,26666.1457993998,63263.1471830986,155880,1,1,2.74480541039515,-1.95224051056757,0.886571767380658,0.68271070391881,-0.169165259807901
6668,67,257808.8,6288.01951219512,10605.6881129534,37912.9985074627,74736,1,0,-1.18339441320292,-0.337672947711913,0.457414654805376,-0.880256730233675,-0.36934138164212
6676,12,22700,7566.66666666667,13131.9771257266,27626.0833333333,29784,1,1,-1.92154494233275,0.644088027170618,2.09071378097312,0.487794344318199,-0.141990543176819
6678,52,357403,11913.4333333333,26678.2587142345,61531.5903846154,80340,1,1,1.62170012893996,0.438348428427208,1.9410708067917,0.313999948447752,0.0896786013892978
6686,93,655864.2,11116.3423728814,21234.8560104119,57496.9892473118,224604,1,1,1.91210743525992,-0.82273122078467,1.14547879977464,1.27545005842416,-0.491006423160041
6687,17,58800,19600,20670.9773821631,46318.5529411765,87840,1,1,0.696885192455314,2.01839381991611,2.43378531444321,0.53922282005432,-0.138118652125518
6694,55,248455.6,9938.224,25288.2009752466,44005.1127272727,134784,1,0,0.492553562284339,0.687024524794335,0.456423980209679,-0.683874592556191,-0.490474853506447
6696,87,135039.4,3140.4511627907,8832.07927861389,30045.4,89040,1,1,-1.97392291169091,-1.19231302834638,1.4074732705571,0.853765967857196,-0.375775099746828
6698,50,276526,10241.7037037037,23168.3394450149,60054.734,247728,1,0,1.23838830462882,0.838582343764059,0.388526245635524,-0.0503455521560811,-0.697405593817695
6699,81,242506.2,5389.02666666667,12923.5603454957,46444.6395061728,7656,1,1,-0.791164791355126,-0.947668270587692,1.79484302652354,0.112541476073743,0.0928187473333843
6704,74,351118.4,10639.9515151515,25817.7354135523,58445.027027027,417060,1,1,1.96890710234134,0.208674846981635,0.932610023051345,2.56953059924941,-1.12351434367158
6712,144,382772.2,4206.28791208791,11836.4476034268,34922.88125,266220,1,0,-0.578248373639757,-1.76647092558725,-0.592390792088205,0.328793093147425,-1.13036364215202
6715,128,391970.8,5296.9027027027,14352.078379313,36907.45625,220620,1,0,-0.339571392483791,-1.38963668643533,-0.362176638651259,-0.0112826561049047,-0.945811229002955
6721,15,8300,4150,9070.83734462628,21575.6866666667,21072,1,0,-2.86383867074383,0.510088593170654,0.821824235133341,-1.01437386681981,-0.422438616059323
6725,148,376948.6,4487.48333333333,9992.57311449955,35566.8810810811,265320,1,1,-0.591968613767846,-2.21293265929229,0.598288749406632,1.86248307763568,-0.970900458425538
6726,96,142433,2906.79591836735,7824.8666290422,30461.4041666667,85860,1,0,-2.0670605619247,-1.02503478696257,0.219412226303476,-0.719644345505084,-0.579697485984534
6729,112,632417.2,10038.3682539683,20930.650934413,48484.6241071429,74688,1,1,1.20280211029393,-1.34620317939867,1.33032050805607,0.336155557795838,-0.151391439987365
6732,69,438787.6,14154.4387096774,23455.927264329,72968.3811594203,174048,1,0,2.37590444135783,0.65820879336651,0.652937182324256,-0.735633139602814,-0.361539898467317
6734,94,591266,12580.1276595745,26512.878935391,61799.2436170213,173016,1,0,2.34663765451777,-0.0985076960541015,0.225455311406367,-0.707730762629185,-0.489020201841983
6736,10,21200,10600,16686.2311887643,33211.76,288360,1,0,-0.776000085947275,1.65976323727192,0.4520096920088,0.543715514258587,-1.19520306411744
6737,143,692645.8,7696.06444444444,21005.6802918876,62933.4748251748,76680,1,1,1.78649586043803,-2.09351691082259,1.21333559541602,0.216210981885305,-0.00997849763314548
6738,82,291580.1,6626.82045454545,29524.489997328,27658.487804878,230220,0,0,0.0312680705061797,0.699949215798617,-2.08945671658157,0.16035915834898,-1.87229470302987
6745,167,1126736,12381.7142857143,30916.763221259,68740.0233532934,47304,1,0,3.89160635757243,-2.08815883869641,-0.153977124608552,-1.77996131943499,-0.0230178606683483
6751,19,50200,12550,12288.0630072131,31337.2578947368,85716,1,1,-1.17971157103195,1.00750062551316,2.14679347984142,0.752864346272799,-0.40136655480159
6764,70,138702.2,4079.47647058824,9896.49244594162,38587.76,33984,1,0,-1.67450758293125,-0.463645303007559,0.621033387960104,-1.15227960408275,-0.346453776586318
6785,127,605600,8651.42857142857,22705.1827824266,51145.5157480315,125340,1,0,1.34423405937568,-1.20483707909675,-0.0208683064406305,-0.919735186458119,-0.535249849150509
6805,39,132514.2,6974.43157894737,13151.5102543473,41994.9076923077,45024,1,0,-1.13672755863169,0.410400173525439,0.887350654622342,-1.15059430160546,-0.381259960478115
6808,83,311648.6,8201.27894736842,29551.4830543201,45134.721686747,227880,1,1,1.11305297343848,-0.216754417281278,1.18993667509365,1.36882440730659,-0.761082815183355
6810,190,1125003,10416.6944444444,27339.8874685749,61578.3015789474,186384,1,0,3.49088165537563,-2.65789660868663,-0.697859135603949,-0.793491607838535,-0.675822850661856
6816,18,28700,9566.66666666667,9838.64837040488,28124.9333333333,100224,0,0,-1.96976658296784,1.76673887497166,-0.950720099458042,-0.510631853276869,-1.57057421641353
6817,53,126253,5260.54166666667,12948.7615374929,32646.8509433962,70656,1,0,-1.60281094579308,0.01350502189394,0.603714225347485,-0.902140089052589,-0.593672203636584
6818,172,390706.8,3830.45882352941,11044.4943921964,44197.5098837209,155616,1,1,-0.303395481898551,-2.70407621290052,0.859326530408654,1.0032887142895,-0.627741649769607
6820,29,97495.6,8863.23636363636,13293.4318052437,37462.0931034483,38148,1,0,-1.23556897963008,0.787384510103478,0.99760965211583,-1.1702743743988,-0.428727741721646
6836,102,248563.4,4142.72333333333,12250.0795724793,32354.031372549,189300,1,0,-1.17122473470642,-0.982419444752575,-0.0533104001657037,-0.159967008402602,-1.0428288361181
6841,42,209639.4,12331.7294117647,21110.3118747415,60743.9571428572,172080,1,0,1.05528555524067,1.14697924404184,0.838473204054218,-0.599993385281203,-0.627734230777843
6863,24,54873,6097,11520.1844510437,30060.9541666667,127080,1,0,-1.85904319415646,0.647226462722017,0.697190559935647,-0.486349507249561,-0.867730049743978
6865,11,23600,11800,11482.4951554331,28977.4363636364,29448,0,0,-1.75907400143022,2.08879439678099,-0.637195782406758,-1.03462000110314,-1.38249178913142
6876,15,21300,7100,11715.9751727452,25714.0466666667,86616,1,0,-2.08334608289377,0.895354467272341,0.857622487350189,-0.723575061966124,-0.795719832167234
6888,115,463878.2,7481.9064516129,26896.8541402657,48944.827826087,39576,1,0,1.01155423891117,-0.875266215293804,0.314581879190191,-1.50514466359787,-0.383037241226233
6895,143,460942,5761.775,20303.8171201358,36080.3867132867,41904,1,0,-0.0293422411894351,-1.69650744998709,0.0236352263756122,-1.33951090283993,-0.576880398540982
6903,71,184703.8,5771.99375,20087.3650297794,33459.6802816901,52128,1,0,-0.875076244870344,-0.139861683136844,0.534751680984292,-1.15255572159735,-0.620148272437572
6919,96,420445,7007.41666666667,21557.4645434396,40838.7552083333,120888,1,0,0.259358251898209,-0.677215728309503,0.194450793519692,-0.841460288629515,-0.799462931837468
6921,42,325416.8,12516.0307692308,24799.9740378728,59935.2714285714,86184,1,0,1.35586913762092,0.988134124749762,0.990450002547907,-1.2466767806112,-0.442793506774813
6929,158,903996,8862.70588235294,25051.2576378554,57977.0348101266,36396,1,0,2.28633061748408,-2.16070087328971,-0.010393442498932,-1.71579955165785,-0.355236369761258
6933,22,107821.6,10782.16,20050.2784167389,42203.1727272727,188688,1,0,-0.126675310777316,1.36809023778714,0.774591069982237,-0.321838471535694,-1.00871514393211
6940,20,45014.6,6430.65714285714,14856.8141901736,41402.135,228276,1,1,-0.93053019124831,0.586881201047206,1.7920579572414,1.57763049366376,-0.992986293019455
6944,17,53513,8918.83333333333,13279.6378527179,33613.1058823529,46176,1,0,-1.48460759003107,1.02225965858044,1.10012642811027,-1.11892290415899,-0.657037015664243
6949,108,634004,10931.1034482759,25655.5136540927,52379.1287037037,104712,1,1,1.83120257364952,-1.06601653906068,1.43583246534299,0.373117444265268,-0.480261930261025
6950,191,1133219.2,9522.85042016807,27075.7420583239,57357.8434554974,104712,1,0,3.10307468057762,-2.88361152072445,-0.496111457164978,-1.34948591240647,-0.631837945555291
6955,144,1242760,15534.5,25561.8276844292,75924.2409722222,244368,1,0,4.56605435641257,-1.61684273738313,-0.259162377350478,-0.595783517380771,-0.89598042209282
6960,153,493209.8,5137.60208333333,11990.8733564062,31375.1607843137,76416,1,1,-0.649783478265354,-2.56522244216128,1.06288692195754,0.503175055237161,-0.688604877668142
6961,13,87600,21900,21431.2378562617,47154.5,176148,1,0,1.14827234965644,2.68227684681549,1.28266932857301,-0.556444523035459,-0.959293230415684
6965,165,1174244.2,11982.0836734694,30644.1570757547,63889.8739393939,139536,1,0,3.88521833052841,-2.16549362108523,-0.343628302807198,-1.21480299401393,-0.677745257318087
6985,72,215290,4580.63829787234,11410.8354231442,36840.5736111111,113796,1,1,-1.24097237255215,-0.884029756859552,1.63865347405552,0.81372427086412,-0.749002918516722
6986,57,223011.2,7690.04137931035,24000.1249980636,30491.098245614,151728,0,0,-0.475524603085134,1.06552494765592,-1.46261820667305,-0.41592511466146,-1.9083027849279
6992,79,375260.2,6701.075,22590.1043080536,46772.3151898734,133968,1,1,0.485357683992682,-0.694241698081415,1.53732670353045,0.722464114917183,-0.685412118621799
6995,149,612117,9417.18461538462,21691.1342547418,50492.688590604,96168,1,0,1.37721179089383,-1.56028360684836,0.0801021095557775,-1.20761472562338,-0.732136780775671
6996,132,746782.8,8683.52093023255,17179.8114630378,47118.9931818182,126600,1,0,1.07013804561613,-1.71266880032927,-0.0206382521911596,-0.943107355192491,-0.884310930821876
6998,65,473934,10531.8666666667,22871.8265868698,53379.1276923077,97632,1,0,1.13136664058557,0.109419052421502,0.666789442718062,-1.15571517815584,-0.67162907455916
7004,119,411634.4,5210.56202531645,11038.4095115299,36941.9983193277,331560,1,1,-0.31348592899458,-1.71422957438124,0.752080773814569,2.18303639863644,-1.53079986481455
7008,36,110200.2,5247.62857142857,14039.2733865905,39063.7666666667,36168,1,0,-1.40949404299742,0.298080178085467,0.96239177100397,-1.2520658275582,-0.642776307598343
7013,44,81113,3379.70833333333,10876.8717046827,40005.4818181818,89340,1,1,-1.64273916688313,-0.374250024156985,1.95251810281817,0.672469042555883,-0.652833997558358
7034,69,202631.4,5065.785,10532.7848881137,43121.7550724638,19044,1,0,-1.25718535966286,-0.475896453522015,0.854523396033435,-1.41839593338509,-0.597461719656053
7036,91,559302.2,10552.8716981132,35314.5278448429,56669.7879120879,194940,1,0,2.55898331236112,-0.00942148210470904,0.188738128531237,-0.687172363802381,-0.982749530571773
7055,79,546475,11879.8913043478,26493.5915888754,63707.6265822785,167100,1,1,2.28989557924287,-0.282187984444445,1.69991476628598,0.675133128250448,-0.684930878207763
7057,126,653115,7099.07608695652,20926.3694425144,45873.6166666667,231696,1,1,1.19440369782791,-1.82378614271278,0.916324716704197,1.28351457964632,-1.13953829118817
7061,93,594252.4,11004.6740740741,21910.8275563776,54422.5967741935,121896,1,0,1.50775078412589,-0.486867705563913,0.450917312483214,-1.06466871778282,-0.840693549005868
7066,15,30500,6100,10504.3104701605,32702.7266666667,215388,0,0,-1.86698844837478,1.55416723361679,-1.145871954321,0.146422816239864,-2.22279947584064
7097,23,133200,16650,20688.4180488837,50009.9086956522,75624,0,0,0.526208086584939,2.53356963563595,-0.439233462181279,-1.13541504197745,-1.58519684445818
7101,50,197465,7052.32142857143,12359.209052004,37436.422,421008,1,0,-0.550181396521831,0.347892406648784,-0.0267607012354723,1.25564305059947,-2.09638096535351
7104,17,77214,11030.5714285714,19487.2396663213,45198.1529411765,259740,1,0,0.0389242660963248,1.54638845626279,0.787618872839891,0.0698515289300332,-1.43702592370166
7121,45,109503,4562.625,10171.0318459875,34272.2133333333,21924,1,1,-1.86600645892448,-0.430625981766834,2.13986083121773,0.218080308447606,-0.638389628496114
7130,65,183992,4599.8,17185.3638546914,28359.2553846154,123408,1,0,-1.28459811796382,-0.240781036820975,0.448358338145005,-0.688023736365064,-1.22080894946372
7136,23,26214.6,2912.73333333333,10625.9463929278,30293.7086956522,54396,1,0,-2.37976022537072,0.275016950715089,0.969599613026589,-1.03815781727477,-0.972627342680024
7137,28,226436.2,15095.7466666667,22844.0061645797,53976.2928571429,151560,1,0,1.13029338052172,1.56558317049395,1.12237906294952,-0.829450902144822,-1.01836903565018
7138,137,167458.2,1881.55280898876,5853.92888671955,24643.2839416058,60000,1,0,-2.35888046463152,-1.95307766254333,0.210374658792592,-1.01717998124193,-1.11852115229313
7142,130,254724.6,3442.22432432433,9885.4777247265,26358.7546153846,482940,0,0,-1.13581662293767,-0.688364735072736,-2.67304357449628,1.85106846629669,-3.34191658234274
7154,34,109400,8415.38461538462,18631.3583226447,43196.7441176471,417600,1,0,0.0413381230453673,1.05760574585766,0.211363591237186,1.12778296676471,-2.06236057796912
7166,16,42703,8540.6,13022.4216144806,30953.14375,198240,1,0,-1.39263337858349,1.08524665454628,0.819945748820452,-0.16632087236032,-1.49003834452722
7176,161,972480.2,8530.52807017543,20993.628045388,50676.8198757764,260028,1,0,2.20323519846246,-2.35759255464309,-0.548464259549762,-0.24452333654162,-1.53113015420383
7189,89,277508,4868.56140350877,10868.9432774909,31791.3280898876,154656,1,0,-1.25981901820806,-0.880775357025655,0.31478925385307,-0.514838246053273,-1.39548709405263
7192,127,389778,4812.07407407407,17591.0559501949,25666.4070866142,115992,1,0,-0.766021189760243,-1.52807432489039,0.0160966194892133,-0.82561236726769,-1.33446577603246
7194,53,181697.6,6265.43448275862,12288.7904112708,37557.0547169811,68832,1,0,-1.2418286715579,-0.0375111497221475,0.88193172944289,-1.11523284370224,-1.02885243494537
7198,27,49000,9800,14361.643030577,32555.8185185185,45768,1,0,-1.32077085868845,0.950912806860473,1.20660634573184,-1.23712816985401,-1.00178330056806
7213,71,222405.2,4942.33777777778,12325.8311911857,33990.4197183099,113544,1,0,-1.29325148302122,-0.49307464661082,0.577388293673848,-0.805507127557061,-1.250462321137
7220,83,312816,5792.88888888889,12494.3123334861,36635.1156626506,131292,1,0,-0.863000720773904,-0.716975058613707,0.469614899696792,-0.744280401210864,-1.2963505197819
7226,16,92700,18540,19635.3576744511,44735.43125,197748,1,1,0.734550867840005,1.84115062937323,2.4096417240424,1.08303649187145,-1.23301873419024
7227,130,960700,12982.4324324324,28698.3798261659,63527.42,314520,1,0,3.64930912746719,-1.13015242804301,-0.262717292222984,-0.084096819785877,-1.60511032028136
7233,124,802426.2,10992.1397260274,21971.1628521051,56646.5161290323,115812,1,0,2.07264945755783,-1.33278986547742,0.289650421254237,-1.24842399323578,-1.03493193277063
7235,32,129141,8071.3125,20286.9655584644,46715.8,154416,1,0,-0.155624447487169,0.863368837621893,0.930485218222392,-0.694360801935234,-1.23404494565138
7240,27,235214,16801,25256.6658167142,57188.2111111111,274740,1,0,1.82274333932764,1.8926757875803,0.943238307736765,-0.113074162438491,-1.52653160071014
7241,160,896438.8,10423.7069767442,28355.3601580073,56053.9975,168984,0,0,2.70380401304626,-1.17889385021503,-2.00598002984354,-0.855511993327295,-2.04828484488012
7243,57,339863.6,9440.65555555556,18394.5137848639,49107.0666666667,217152,1,0,0.500594612780475,0.267212589496455,0.5932731451554,-0.349180542505171,-1.45075371952664
7246,31,113758,7583.86666666667,15220.6512633641,32435.3193548387,148920,1,0,-1.17157519428303,0.656911694143306,0.832537933120835,-0.570261602782044,-1.40935274130595
7249,78,165846,3528.63829787234,9598.2528518684,33857.1064102564,69360,1,0,-1.77084598722438,-0.758509747769111,0.685344799812497,-1.07353573366664,-1.1576955482114
7259,55,365003.6,11406.3625,25585.472260311,54652.8981818182,108144,1,1,1.32784433535803,0.206761383810503,2.10294279321551,0.335000405681096,-0.84668104239108
7262,13,31000,10333.3333333333,14579.4217665666,33229.1076923077,182628,1,0,-1.07159969321264,1.35269594323751,1.00823151257796,-0.351075706438314,-1.53373963406719
7263,29,176460,11028.75,27471.9750004315,62571.2827586207,89880,1,0,1.2314718882012,1.32482063487354,1.30584938488015,-1.35364382956949,-0.852544194395401
7271,143,894477.8,9221.4206185567,20293.3634796541,57131.7405594406,392460,1,1,2.57037679054638,-2.16112244312629,0.586548418938106,2.11132327132892,-1.84868133033821
7284,43,69355.8,3152.53636363636,6652.64295634085,22198.1790697674,52788,1,0,-2.80618796346361,-0.242500955686839,0.875993302945939,-1.03329137777918,-1.27573943076909
7304,18,207486,29640.8571428571,27879.3968566711,59352.8333333333,419880,1,1,3.55927053424668,3.15640420625576,2.26248626909026,2.22377926476872,-1.91317519688174
7305,147,627249.8,6149.50784313725,15469.9881129642,36480.1850340136,54024,1,0,0.0268296308393594,-2.18173254626843,0.155431088312595,-1.4172356704281,-1.17019138112987
7308,107,231341.4,2965.91538461539,11709.1423747552,30869.7813084112,129408,1,0,-1.46655329564472,-1.28423802570385,0.30558633946485,-0.718649673260085,-1.47603275144773
