loan_id,account_id,amount_std,amount_mean,num_transactions,total_withdrawn,average_withdrawn,balance_std,balance_mean,date_diff,amount_loan,duration,status,disp
4959,2,11895.998464916345,515.5685185185185,54,200844.59999999998,6276.393750000001,12061.705681876094,32590.624074074072,10,80952,24,1,disponent
4961,19,9205.689080326661,198.18,80,226324.80000000002,6656.611764705884,15039.248404932323,25197.0925,12,30276,12,0,no_disponent
4973,67,20882.029392885444,189.51520000000002,125,789552.4,8972.18636363636,20955.646998372446,52523.2448,18,165960,24,1,no_disponent
4996,132,21020.897593232345,2545.4129032258065,31,190733.0,12715.533333333333,21638.258869671175,62778.09032258065,5,88440,12,1,disponent
5002,173,10052.730130005115,933.8466666666667,30,85630.6,4757.2555555555555,11517.175248212317,38709.829999999994,6,104808,12,1,disponent
5032,290,15349.418522400405,412.90491803278684,61,260479.60000000003,6678.964102564103,20572.457529737083,49084.381967213114,11,123696,48,1,no_disponent
5044,344,8168.072604859274,673.3971428571429,70,160567.8,3734.134883720931,9576.327716908689,35614.74428571429,12,100980,60,1,no_disponent
5045,347,17258.630286253032,577.6386363636364,88,451311.39999999997,9026.227999999997,22038.48158908669,42084.31136363636,16,187224,24,0,no_disponent
5060,426,16589.841841132715,1149.122950819672,61,319518.0,9129.085714285715,21418.913855883657,57340.50819672131,7,252060,60,0,no_disponent
5082,501,13169.319978136018,1358.5964285714285,56,166646.0,5207.687500000001,16330.173222315432,41729.61607142857,12,262980,60,1,no_disponent
5088,544,14032.198318519318,511.4116883116883,77,344249.0,7483.673913043478,13400.064096640634,44829.54415584415,15,91152,24,1,no_disponent
5125,789,3462.2725634371154,422.46470588235286,51,51582.99999999999,1842.2499999999998,6550.595429955129,23255.149019607845,9,73056,48,1,disponent
5126,790,15857.719330202128,1273.040625,64,261411.80000000002,7468.908571428573,22812.186440376034,36369.975,14,208128,48,0,no_disponent
5128,808,8348.462244442044,141.65081967213115,61,156526.59999999998,5049.245161290322,13056.987306542755,21447.624590163938,10,215616,48,0,no_disponent
5130,813,7820.337301472649,364.89487179487185,78,178798.6,4360.941463414635,7695.862800862465,29380.839743589742,15,24312,12,1,no_disponent
5131,816,18414.312454830513,410.2034188034189,117,688579.2,10126.164705882351,25825.858181660515,63857.236752136756,17,48624,24,1,no_disponent
5132,817,12446.443589887402,401.2241379310345,58,234862.6,6523.961111111112,13408.02036465337,33687.85862068966,11,538500,60,1,no_disponent
5136,846,26189.536798171266,3475.1119999999996,25,201829.2,22425.466666666667,34581.40134837078,66292.372,4,187104,24,1,no_disponent
5138,854,4828.212336527692,181.04932432432435,148,205694.0,1922.3738317757015,6554.760512834303,30847.14932432432,20,87216,48,1,no_disponent
5145,915,24657.712996189184,1479.9857142857143,35,279107.80000000005,14689.884210526317,21979.384405419012,56105.5,8,309552,48,1,no_disponent
5148,940,22383.063761266145,1006.568085106383,94,647844.8,11169.73793103448,20167.802429516258,64182.6414893617,18,284280,60,1,disponent
5151,960,25706.572244561994,2298.1833333333334,30,233029.0,14564.3125,24683.06321415813,72242.89666666667,6,189060,60,1,no_disponent
5160,1011,11314.380759892345,584.5046153846155,65,231318.2,5782.955000000001,12656.782825432134,37809.39846153846,12,204000,60,1,no_disponent
5161,1012,13942.285612575772,4925.442857142858,14,30700.0,10233.333333333334,19672.650902026955,41660.392857142855,3,98184,24,1,no_disponent
5170,1071,18722.099418689144,1979.2853658536587,41,203628.0,10181.4,26552.739504598183,47302.546341463414,8,253200,60,1,no_disponent
5176,1106,8933.309713915512,435.79215686274506,51,136135.0,5445.4,13015.026674865436,23979.011764705883,14,192552,24,0,no_disponent
5189,1166,10176.811224139317,352.47407407407394,54,170898.00000000003,5026.411764705883,12658.246764300018,36845.58888888889,9,149040,48,1,no_disponent
5208,1247,18451.812213648747,305.24999999999994,108,616222.6,9781.311111111108,28762.206936050658,46341.29351851852,21,99696,48,0,no_disponent
5209,1250,13537.6138604166,597.46,40,172602.80000000002,7504.469565217392,14199.381522847558,37802.229999999996,8,182640,48,1,no_disponent
5212,1256,7683.024506776111,365.0802325581395,86,194848.8,3418.400000000001,9923.171541124484,34577.3023255814,13,71064,36,1,no_disponent
5237,1375,11383.029268904229,442.6633333333333,90,321820.6,5645.975438596491,11574.102240004077,48152.95333333333,16,45336,24,1,no_disponent
5269,1527,18364.06408593354,320.1738461538462,65,373395.4,10091.767567567567,30609.38988808058,41752.161538461536,12,164052,36,0,no_disponent
5282,1583,11945.175136843793,322.47666666666663,120,419816.80000000005,6360.860606060606,21196.682131732654,21371.32,21,388512,48,0,no_disponent
5285,1603,4574.925270649935,482.37254901960785,51,70804.0,2622.3703703703704,7684.869705311071,25900.31960784314,9,78936,12,1,no_disponent
5301,1698,13474.868539766909,4723.98,10,21200.0,7066.666666666667,17970.97897715462,32592.68,3,141948,36,1,no_disponent
5310,1762,9010.165891189434,342.57166666666666,120,306647.6,3694.549397590361,10761.578895609015,36063.78833333333,16,248148,36,1,no_disponent
5311,1766,8808.490245599618,260.8795698924731,186,427623.2,3032.788652482269,11270.503745870139,37213.40752688172,21,30060,60,1,no_disponent
5312,1772,24885.420719183476,1033.2113924050632,79,596766.0,11259.735849056604,23297.66357464454,57124.26835443038,12,202788,36,1,no_disponent
5314,1787,3774.8068383251966,5025.0,4,0.0,0.0,8330.8663014919,12250.0,3,96396,12,0,no_disponent
5316,1801,17882.99905901663,1411.0513513513515,37,177684.80000000002,8884.240000000002,29122.05945394563,52083.85945945946,4,165960,36,1,no_disponent
5319,1811,14366.69601417511,787.8369565217391,46,204742.4,7312.228571428573,16062.53213841481,40061.580434782605,9,239460,60,1,no_disponent
5325,1843,11376.124631125487,1371.704,25,86017.20000000001,7168.100000000001,14151.260443037105,41297.48,6,105804,36,1,no_disponent
5329,1862,23071.99069204264,932.7399999999999,95,688055.0,11661.949152542373,20275.14198096615,58855.27789473684,18,396120,60,1,no_disponent
5337,1886,20976.229950323705,4975.92,15,75800.0,15160.0,24180.888923925817,51279.55333333334,4,162468,36,1,disponent
5350,1967,15757.60533495602,923.7783333333333,60,272164.0,9072.133333333333,23021.04106123776,35914.854999999996,14,249312,48,1,no_disponent
5351,1978,15181.225295158476,423.1480620155039,129,568958.0,6117.8279569892475,17204.070909560676,58336.31162790698,18,205200,36,1,no_disponent
5352,1993,11837.386810032427,1710.4428571428573,14,38800.0,7760.0,12297.15509867766,31793.735714285714,5,68400,12,0,no_disponent
5366,2062,24820.578617052288,944.3095238095239,42,328916.80000000005,12650.646153846154,25642.077157191914,60273.67857142857,7,86184,12,1,no_disponent
5375,2106,7559.930255260935,440.0210526315789,38,93670.40000000001,4683.52,10352.391968575044,26449.092105263157,8,101520,12,1,no_disponent
5385,2143,14548.728832117022,1601.5774193548389,31,132235.80000000002,8815.720000000001,16380.59460647302,49220.9806451613,7,71460,36,1,disponent
5388,2153,15201.640624067517,282.4112676056338,71,335723.0,6851.489795918367,17762.224670277326,32967.71267605634,10,61560,12,1,no_disponent
5390,2167,13573.222844990716,562.3753246753247,77,328291.39999999997,7136.769565217392,13589.38398884065,40091.18311688312,14,170256,24,1,no_disponent
5395,2176,19417.910063887335,154.35476190476183,126,793310.6,9916.382499999996,33855.698025767204,51992.85476190476,13,299088,36,0,no_disponent
5409,2218,26231.609295302205,656.7389830508473,59,498050.19999999995,14230.005714285711,21927.679528674224,67475.90169491526,12,182040,60,1,disponent
5413,2227,17278.426735303314,197.54036697247713,109,645385.0,10938.728813559323,26490.316135252076,50436.46605504587,18,92976,24,1,disponent
5414,2228,20039.547224416445,2423.0911764705884,34,167625.0,11973.214285714286,31588.379961912357,50113.194117647065,12,185952,48,1,no_disponent
5415,2236,14163.238445849118,1343.974193548387,31,105200.0,8766.666666666666,12989.781215090346,31532.748387096777,13,139464,36,0,no_disponent
5418,2245,19447.141625048156,479.55500000000006,120,777712.4,11110.17714285714,23422.026500661654,54157.19416666667,21,347952,48,1,no_disponent
5429,2268,13424.179678797036,684.2145833333333,96,375221.19999999995,6051.954838709677,15288.688964738765,52636.598958333336,17,20196,36,1,no_disponent
5445,2322,15515.980277787308,132.3196629213483,178,705943.6000000001,5430.335384615382,20752.088935048898,43657.81348314606,18,46320,24,1,no_disponent
5449,2343,6291.603155221278,592.7730769230769,52,97645.6,3487.342857142858,7892.721828749214,27019.571153846155,10,99336,24,1,no_disponent
5450,2345,11145.596511039737,269.24594594594606,74,262118.4,5698.2260869565225,11909.168772706618,33658.61756756757,13,199680,60,1,no_disponent
5452,2352,9690.502464384619,409.2881818181818,110,282610.99999999994,3577.3544303797466,12804.463916870107,47798.865454545456,15,49440,60,1,no_disponent
5453,2361,4448.2020854872735,310.2866666666667,75,112615.40000000001,2963.5631578947373,6686.145590252044,22927.502666666667,13,156672,36,1,no_disponent
5464,2419,22066.45907735857,805.5611111111111,90,686391.0,13727.819999999998,24705.82136034003,59701.78666666667,14,95808,12,1,no_disponent
5470,2456,15562.094747213838,1355.1857142857143,35,169359.8,9408.87777777778,18916.939576271827,47938.065714285716,7,200976,48,1,no_disponent
5479,2486,24002.833071439152,1077.482191780822,73,552028.7999999999,13143.542857142855,29534.218113303323,55582.22602739726,10,24516,12,1,no_disponent
5482,2496,4432.9949332136675,196.08103448275864,116,175229.0,2654.9848484848494,6878.836566414742,24377.37155172414,20,165120,60,1,disponent
5494,2572,24743.35957066148,476.21691176470586,136,980640.6000000001,12413.172151898736,26193.21138092937,51149.655147058824,19,360000,48,1,no_disponent
5495,2580,6747.272780011627,943.6954545454545,44,81813.0,3408.875,10748.387757632041,39644.76363636364,8,89340,60,1,disponent
5519,2694,9484.374323408698,472.3114285714286,70,204112.80000000002,4746.809302325582,10641.422753595749,40976.94285714286,12,91632,12,1,disponent
5523,2705,9929.780911121125,1827.1789473684212,19,50300.0,7185.714285714285,14598.865783434976,37510.494736842105,5,93888,36,1,no_disponent
5533,2762,20818.629661712035,344.2026315789474,152,1001742.4,10327.2412371134,26285.863067554485,65097.22434210526,15,111384,24,1,no_disponent
5549,2824,9363.894257275637,965.8372093023256,43,116683.4,4861.808333333334,10371.123781863109,37570.62790697674,8,50460,60,1,no_disponent
5563,2912,23113.020728863998,225.22660550458716,109,853620.7999999999,13768.077419354833,27227.866078850297,64777.0752293578,19,380160,60,1,no_disponent
5568,2933,16988.15057378243,357.26428571428573,84,437685.4,8753.707999999999,24196.754530887032,44602.64166666666,11,272520,60,1,disponent
5576,2962,20724.01817110469,449.3550000000001,120,803766.2,11648.785507246375,28994.626431825105,64493.09916666667,18,31248,12,1,no_disponent
5586,2994,14694.440290364513,4492.2357142857145,14,48300.0,16100.0,19512.790972253762,42930.20714285714,4,48744,36,1,no_disponent
5591,3021,13037.779913720768,814.8999999999997,30,125043.80000000002,8931.7,13711.094458293303,39426.07,7,155616,48,1,no_disponent
5593,3037,16757.672993480737,99.2649572649572,117,621330.9999999999,8751.140845070418,28041.875079726327,46487.002564102564,23,277884,36,0,no_disponent
5595,3050,18620.095964755146,381.6349206349206,126,654213.6,7111.017391304345,24685.92139144404,57141.73095238096,16,82896,12,1,disponent
5599,3064,4745.065686801214,211.04238410596028,151,221301.2,2258.1755102040825,7049.350987979909,24577.2,22,15420,12,1,no_disponent
5606,3084,16876.95217746289,459.25862068965506,29,158340.0,10556.0,24704.38501837544,37095.84482758621,7,253512,36,0,no_disponent
5610,3112,19763.543127582816,606.10078125,128,737938.0,9224.224999999997,28089.524636349874,70622.83359375,18,123216,48,1,disponent
5611,3115,19459.252277018073,978.5131578947369,38,239523.80000000002,11405.89523809524,21716.75025029622,40524.46315789474,7,321180,60,1,disponent
5624,3166,10974.649715933025,149.79578947368424,95,312411.89999999997,5295.1169491525425,21147.08070284783,26746.525263157895,17,177744,48,0,no_disponent
5625,3189,18212.754146736515,1009.8135593220338,59,316112.6,10197.18064516129,26510.559286203963,55230.44406779661,12,222180,60,0,no_disponent
5635,3230,23733.68396052293,291.5064935064934,77,549385.4,13399.64390243902,30287.214667670312,50722.27012987013,19,77184,36,1,no_disponent
5657,3354,6254.1181477124255,489.13913043478254,46,79197.40000000001,2933.2370370370368,8705.183539928967,30533.371739130438,8,4980,12,1,no_disponent
5693,3489,9992.09503580639,1386.515625,32,83702.80000000002,5580.186666666667,11906.808161813045,36548.81875,7,44088,24,1,no_disponent
5706,3608,12757.963094364417,225.93461538461537,130,430202.0,5515.410256410257,19260.546243938243,33219.9,21,161496,36,1,no_disponent
5713,3629,7537.530722815004,115.5566265060241,166,376698.19999999995,3393.677477477477,8944.715311238842,24908.761445783133,22,158760,60,1,no_disponent
5723,3674,14969.32153670113,582.6945454545455,110,513313.8,8414.98032786885,27950.21068970953,47420.84181818181,18,23628,12,1,no_disponent
5724,3678,5291.983178753222,92.17194244604318,139,262702.79999999993,3325.3518987341777,6901.260790646524,18632.93381294964,22,316140,60,0,no_disponent
5725,3679,9438.321870917793,652.2515625,64,184989.6,4999.71891891892,11798.830196336487,32404.7734375,11,444864,48,1,disponent
5739,3747,5137.9118173346515,514.5955555555555,45,68782.4,2751.296,8289.780093711837,26122.84888888889,8,76380,12,1,no_disponent
5740,3752,12195.359397217768,3328.1307692307696,13,34200.0,8550.0,14265.870341694039,35538.04615384615,4,18564,12,1,no_disponent
5741,3754,15178.069612059662,439.4425925925927,54,229736.0,6209.081081081081,20196.07407074487,44948.625925925924,8,68544,24,1,disponent
5750,3804,15446.491918276866,303.10426829268295,164,750681.7999999999,6471.394827586204,18482.29894648273,49291.82256097561,22,63252,12,1,no_disponent
5754,3834,6190.289905957705,166.85263157894735,171,295101.0,2399.1951219512193,8912.019358254425,23771.966081871346,20,23052,12,1,disponent
5804,4079,14000.167284580504,121.02307692307694,156,659291.4,6339.340384615382,23319.33818504641,49916.09102564103,17,158976,48,1,no_disponent
5805,4081,7835.438063617623,2929.9833333333336,12,20600.0,6866.666666666667,11982.10175488715,26886.191666666666,4,137904,24,0,no_disponent
5836,4259,34383.04703385025,5609.15625,16,154716.0,25786.0,29061.53705517541,63494.2,4,79632,24,1,no_disponent
5837,4260,15097.74726351861,507.76428571428585,42,202884.8,8453.533333333335,15757.722747155978,38426.728571428575,8,244560,60,1,no_disponent
5861,4337,20490.082507096853,768.7328124999999,64,404546.80000000005,12258.993939393937,27533.493654127193,52299.2859375,12,51408,24,1,no_disponent
5876,4413,17996.94083959726,441.050704225352,71,406491.0,8836.760869565218,18388.528003099997,37596.9323943662,12,221280,48,1,disponent
5877,4414,5670.881536481856,173.92499999999998,112,210800.19999999998,3011.431428571429,7476.937792262856,22360.536607142858,17,97224,24,1,disponent
5880,4423,23125.7389687626,3550.163157894737,19,125000.0,25000.0,32965.14577809675,55315.16842105263,6,73836,36,1,no_disponent
5882,4427,6095.9040407632665,186.49523809523808,84,182801.0,4251.186046511629,6896.753585410004,25533.214285714286,15,87816,12,1,disponent
5886,4447,21524.24566298165,1069.1961538461542,26,186756.2,14365.861538461539,28733.343188251627,62590.42307692308,4,192744,36,1,disponent
5887,4448,13279.627496603152,381.8302631578949,76,275958.99999999994,6417.6511627906975,16917.161794126067,37265.65526315789,16,192744,36,1,disponent
5892,4462,21506.03919108408,3489.12,10,50600.0,16866.666666666668,21490.62646296442,34798.28,4,66480,24,0,no_disponent
5897,4476,6713.042568708262,102.67455621301775,169,337748.19999999995,2768.427868852459,7237.180988793552,29941.905325443786,22,15192,24,1,no_disponent
5900,4503,21907.25808941114,712.5844155844156,77,548471.4,12188.25333333333,30587.603643206054,64881.31428571429,12,135360,48,1,no_disponent
5918,4576,9961.408186424214,477.92676056338024,71,216556.80000000002,4921.745454545456,11447.547499735838,34084.460563380286,12,300204,36,1,no_disponent
5922,4580,15994.266476395134,613.7921568627451,51,232102.6,8289.378571428573,25420.727566030233,41077.635294117645,11,20220,12,1,no_disponent
5923,4585,7928.79262425302,3729.0750000000003,12,15900.0,5300.0,11814.971181770212,25896.466666666664,4,64656,48,1,disponent
5938,4650,4128.500821997339,319.1111111111111,54,73191.0,2927.64,7900.831741722059,21568.935185185186,10,402000,60,1,no_disponent
5959,4727,24954.115758577584,2840.2391304347825,23,168455.6,15314.145454545454,22727.670225229824,50214.50434782609,5,107640,24,1,no_disponent
5970,4774,13109.178331783216,360.7038834951457,103,423269.80000000005,6511.843076923075,13613.100566191757,27778.74563106796,18,465072,48,1,disponent
5980,4825,6719.2148696235945,317.71923076923076,78,168742.0,3835.0454545454554,7990.971151238132,30812.94615384615,14,21396,12,1,disponent
5988,4851,20748.506295215913,4928.344444444444,18,82600.0,16520.0,32279.92216277436,45100.42222222222,6,141648,24,1,disponent
5989,4852,5061.0841403917675,463.16440677966096,59,96377.6,3011.8,7864.495893274421,27951.91355932203,10,213300,36,1,no_disponent
5997,4894,19509.74139421388,4091.8076923076924,13,65200.0,16300.0,19844.247591152816,44131.16923076923,4,117024,24,1,no_disponent
5999,4907,7402.133118498487,153.5022598870057,177,374230.39999999997,2946.6960629921255,12078.55101973188,31814.268361581922,23,98832,48,1,no_disponent
6004,4937,15694.80077317444,275.80071942446034,139,619833.0,6737.315217391302,23416.563215441554,49727.45611510792,17,143904,24,1,no_disponent
6006,4948,14255.403903592842,832.4895833333334,48,173996.40000000002,7565.060869565218,24143.874396857613,32434.693750000002,15,359760,60,1,no_disponent
6011,4981,13297.549423542427,693.7461538461539,52,214293.0,6912.67741935484,14278.225737036766,44093.971153846156,10,179328,48,1,no_disponent
6012,4994,12093.412861938175,3368.25625,16,42500.0,10625.0,17230.159617750694,40688.1375,6,258444,36,1,no_disponent
6013,4995,12272.167259131436,118.05365853658544,82,305229.1,6494.2361702127655,17311.11971554469,34740.70243902439,18,128988,36,0,no_disponent
6015,5001,22818.60210797403,1303.1499999999999,82,653194.2000000001,14515.426666666666,28391.569085736075,76232.70000000001,10,110112,24,1,no_disponent
6019,5033,3661.7528542906434,361.30389610389614,77,79808.2,1662.6708333333333,6234.415407995346,27533.66363636364,11,11400,12,1,no_disponent
6027,5066,23294.773171801477,4974.625,12,66200.0,22066.666666666668,24849.149080234965,44763.458333333336,5,61656,24,0,no_disponent
6038,5120,18150.672608421988,1213.6789473684212,57,319437.6,11015.089655172413,26516.428001628443,45414.07368421053,13,323472,48,1,no_disponent
6043,5126,5243.28973277693,443.3666666666666,48,75993.0,2922.8076923076924,9092.645216549368,31814.41458333333,9,20352,48,1,disponent
6063,5213,24296.38046283396,929.2460000000001,50,354117.8,13115.47407407407,27435.703120029266,49482.968,8,320976,48,0,no_disponent
6064,5215,7116.803667290632,342.1843137254902,102,191293.4,2620.457534246576,9015.76816505543,32788.14215686275,13,14628,12,1,no_disponent
6066,5228,26445.166083619242,1259.0919999999999,75,605156.0,12350.122448979591,24967.390839870233,61218.65866666667,12,173808,24,1,disponent
6072,5256,23715.50147849456,2785.5172413793102,29,205400.0,22822.222222222223,30034.313435862332,63579.21724137931,6,193968,36,1,no_disponent
6073,5263,3941.6829481420946,299.76304347826084,92,129030.60000000002,2745.331914893618,6720.217505796418,25997.563043478258,16,276300,60,1,no_disponent
6077,5270,26077.862408931138,1957.4679245283016,53,414536.6,13372.148387096771,24870.23292768019,69954.5716981132,10,79608,24,1,no_disponent
6087,5313,17285.908796465144,513.9242424242424,66,324344.0,7722.476190476191,30520.960807281426,45854.89090909091,10,300660,60,1,no_disponent
6103,5385,8513.67877149347,420.3267857142858,56,150037.0,4546.575757575758,10432.344642413836,29069.116071428572,10,149340,60,1,no_disponent
6109,5422,18793.020479054165,580.839010989011,182,1000385.2000000001,8067.622580645159,28681.80838333561,60030.743406593414,19,368880,60,1,disponent
6111,5428,18855.75071096861,1816.9,32,155856.8,9741.050000000001,28302.653142986743,37485.45625,5,174744,24,0,no_disponent
6112,5442,12614.128150397219,58.73644067796611,118,431696.60000000003,5396.207499999999,23430.521918399387,26252.81440677966,15,174744,24,0,no_disponent
6120,5481,21705.699409477493,650.8058823529414,68,468771.8,11161.233333333332,19403.334950613862,46230.339705882354,13,209184,48,1,no_disponent
6130,5541,4414.736988447476,175.70186915887848,107,138942.6,2043.2735294117651,7545.466318441954,25906.40934579439,16,32640,48,1,no_disponent
6137,5574,22910.533347878514,550.9575342465755,146,999160.0,9700.582524271844,22661.883780456672,49477.32123287671,21,44628,12,1,no_disponent
6144,5593,21657.228439032977,1749.7820512820513,39,264860.80000000005,12612.41904761905,28278.24506461626,53505.21538461538,5,44376,12,1,no_disponent
6150,5622,20004.60798525459,343.90561224489795,196,1280923.8,9929.641860465115,25921.044106424713,67891.93520408163,21,83016,12,1,no_disponent
6151,5628,7892.115364285061,635.3627450980392,51,122833.00000000001,4235.620689655173,9614.3623318295,31185.156862745098,10,225420,60,1,no_disponent
6153,5632,15706.11022393578,575.3938775510203,49,240990.0,9639.6,26473.42182373544,49651.8918367347,8,285600,60,1,disponent
6157,5650,15740.18703617004,1687.380769230769,26,118560.0,9120.0,19656.29438137193,54128.56538461538,6,98592,24,1,no_disponent
6169,5700,5844.976840957274,277.31834862385324,109,197239.0,3034.4461538461546,9371.387579711678,28250.109174311925,20,103680,60,0,no_disponent
6175,5735,20815.30469658845,115.74900000000004,100,707941.1,12205.881034482756,31590.330595889613,59647.424000000006,13,290700,60,0,no_disponent
6178,5742,19095.755186795977,1527.540740740741,27,155779.0,11983.0,26204.030675466118,63188.63333333333,5,232560,48,1,no_disponent
6185,5774,12849.710191244483,2202.0478260869563,23,78490.6,7135.509090909091,15340.950971615734,46304.15217391304,5,31176,24,1,no_disponent
6190,5794,15765.43962695668,316.4408163265305,49,215719.2,7438.593103448277,23277.873093332153,39514.67755102041,9,123600,60,1,disponent
6202,5891,18176.255524503395,829.2134146341464,82,456881.99999999994,8786.192307692305,18172.768250468802,47426.55,14,65184,12,1,no_disponent
6210,5927,6304.685894086011,657.3060606060606,33,55837.2,4653.099999999999,8425.332672368242,28362.248484848486,6,87216,48,0,no_disponent
6216,5952,16080.692150131732,449.7225490196078,102,453576.80000000005,6047.6906666666655,19476.293991224597,57219.57450980392,12,141240,24,1,no_disponent
6223,5991,8838.6079033715,523.8328125,64,163920.19999999998,3998.053658536586,9064.78033824496,36039.0515625,11,61056,48,1,no_disponent
6227,6030,12577.335037621231,358.82127659574473,94,364384.39999999997,6506.864285714284,11726.617607165179,45582.448936170214,18,28248,24,1,no_disponent
6228,6034,18515.433732174413,1284.8573529411765,68,409732.0,11073.837837837838,27848.686707573845,51760.01617647059,8,464520,60,0,no_disponent
6229,6040,10292.575569812925,202.89172932330825,133,387691.8,3996.8226804123706,11703.03977104676,42224.43909774436,17,11736,24,1,no_disponent
6232,6051,4661.409938004492,341.0931034482759,58,91587.6,3270.9857142857145,6029.338312664938,19256.894827586206,10,276660,36,0,no_disponent
6244,6118,20562.96641988107,708.286111111111,72,441010.0,12250.277777777777,29717.34457286979,60819.976388888885,10,270648,36,0,no_disponent
6253,6148,12619.737173177173,761.7259259259258,54,203402.59999999998,6356.331250000001,12827.193914171468,40204.46481481482,10,59760,24,1,disponent
6272,6226,24531.737124012707,689.7302325581396,86,682119.0,13117.673076923076,21947.881092045613,63383.57558139535,17,398640,60,1,no_disponent
6279,6273,14770.064504820271,968.6,30,107655.20000000001,7689.657142857143,13552.449489852383,36783.95,10,87360,24,1,no_disponent
6283,6289,23579.22481372821,1175.7517647058824,85,597403.0,12710.702127659571,26945.910380677462,65066.73529411765,16,85632,48,1,no_disponent
6294,6353,12738.082800263792,329.17473684210523,95,350466.0,5310.090909090909,11483.013284673825,43846.97789473684,14,79920,60,1,no_disponent
6296,6358,18371.692077442156,664.771264367816,87,510634.99999999994,9284.272727272724,18202.53979303858,47654.244827586204,14,270384,48,1,no_disponent
6297,6363,7200.266425798861,667.0430555555556,72,150326.0,3666.4878048780497,9324.209981583175,39290.618055555555,14,17508,12,1,no_disponent
6302,6397,10749.054975033838,457.26881720430094,93,316966.8,5660.121428571429,9801.680644529757,34005.9064516129,18,181020,60,1,disponent
6303,6400,20971.946825150095,2797.223076923077,13,72800.0,18200.0,19929.621714110985,45099.26153846154,4,72408,24,0,no_disponent
6306,6425,7018.160422794658,280.74559999999997,125,280493.6,3739.914666666668,7937.353315967115,30229.797599999998,21,36684,12,1,no_disponent
6309,6434,18815.813955214242,646.7714285714288,63,346933.6,10203.929411764706,29147.98491700158,50815.804761904765,18,110136,24,1,no_disponent
6315,6472,21714.197967456435,454.3492753623188,69,473819.79999999993,11019.065116279067,22291.65403318662,68377.06376811593,12,43164,12,1,no_disponent
6316,6473,19010.291202198227,145.9656862745098,102,651909.2,10865.15333333333,23250.780434566495,52890.40392156863,16,76908,12,0,no_disponent
6336,6555,18249.048697769467,904.5239436619718,71,369095.0,9227.375,27309.501085647138,51034.361971830986,13,212400,36,1,no_disponent
6342,6609,23126.58779759381,1191.3017857142856,56,413867.39999999997,13795.579999999998,34206.987415175485,72667.63571428572,7,60156,36,0,no_disponent
6354,6688,4586.05344592811,3530.090909090909,11,3600.0,3600.0,11195.573958245528,23324.936363636363,3,22968,36,1,no_disponent
6356,6701,16204.181715138946,588.6595744680852,47,229878.0,9195.12,23576.743344256894,41562.323404255316,8,95400,36,1,no_disponent
6358,6715,8580.77908274293,224.34719101123596,89,258086.0,5060.509803921569,11727.066048624869,24523.073033707864,16,137880,60,0,no_disponent
6362,6738,11087.586234682192,606.7592105263158,76,261392.0,5808.711111111113,12938.940496291016,42164.027631578945,15,37908,12,1,no_disponent
6403,6924,12633.435844494606,274.3982300884956,113,447115.3999999999,5883.09736842105,13195.884796079004,36421.425663716815,18,194880,48,1,no_disponent
6407,6930,15950.623795423275,1875.6486486486488,37,163338.4,9074.355555555558,17426.036797826957,56927.45405405405,8,25944,24,1,no_disponent
6421,6985,20526.20937210155,566.6136363636364,66,418361.19999999995,11009.505263157893,22929.24381405384,51611.34242424242,12,96768,36,1,disponent
6456,7123,18411.845320199693,1399.3666666666668,42,227910.0,11395.5,23888.321559448163,60382.08571428571,7,47016,12,1,no_disponent
6460,7133,2648.5272061056794,238.24845360824742,97,64953.4,1031.006349206349,5423.587576531727,23050.189690721647,13,48672,36,1,disponent
6461,7136,15987.369531185042,210.31393442622942,122,537612.0,6477.253012048192,30062.389743314227,54371.29918032787,17,74124,36,1,no_disponent
6471,7184,10223.163061469557,385.66285714285715,105,283931.39999999997,3640.146153846154,13513.4703010347,45183.34952380953,13,155640,24,1,no_disponent
6474,7190,4587.227469071161,215.4235294117647,119,176497.6,2521.3942857142865,6107.706916241164,29108.363865546216,21,63360,60,1,disponent
6499,7401,11890.461827732386,532.3944444444444,54,199944.59999999998,6248.268750000001,12270.895742079612,33312.53888888889,10,80952,24,1,disponent
6501,7418,8435.087354732237,270.98478260869564,92,218824.8,6436.0235294117665,12216.3463270595,31318.872826086954,12,30276,12,0,no_disponent
6509,7445,13447.74775955936,126.67959183673467,98,420213.99999999994,8239.490196078432,24131.83891162098,46061.3193877551,12,55368,24,1,no_disponent
6512,7454,2812.955489695835,348.21219512195125,82,68183.79999999999,1450.7191489361699,5522.432869014776,22551.77926829268,13,63312,48,1,no_disponent
6520,7485,14394.25999025692,908.7555555555554,36,163633.80000000002,9090.766666666668,15743.433555304437,32558.533333333333,7,91200,24,1,disponent
6526,7523,13521.186598712626,2872.970588235294,17,47000.0,15666.666666666666,16205.72181108147,36999.52352941177,4,288468,36,1,no_disponent
6535,7546,9988.010979859182,234.9790476190476,105,296910.0,4012.2972972972975,13263.348751707794,41502.025714285715,14,41952,12,1,no_disponent
6540,7562,23275.074268014916,633.7142857142857,56,431533.0,12692.14705882353,20963.728475446504,58185.58928571428,11,309600,48,1,no_disponent
6545,7606,18802.118055294854,902.541379310345,87,487687.80000000005,9378.611538461537,26747.651934377307,53685.786206896555,9,191880,60,1,no_disponent
6546,7607,7906.576424876559,280.3666666666667,117,286224.39999999997,3766.1105263157897,9913.02291629028,31139.747863247863,18,31728,24,1,disponent
6550,7614,21262.713062908962,785.7806818181817,88,575944.0,9930.06896551724,21161.10823723557,60781.306818181816,15,320592,48,1,disponent
6577,7753,21241.171900965554,374.5323529411764,102,689863.6,11894.199999999997,26115.030058226144,58226.50490196078,13,51696,24,1,no_disponent
6578,7765,12496.861912693374,241.8473684210526,76,267814.0,5822.04347826087,16237.333801572568,30639.86315789474,17,27984,12,1,no_disponent
6580,7769,16576.270274321494,1848.0297872340425,47,202675.0,7506.481481481483,23182.39661204049,49143.96595744681,7,196080,48,1,no_disponent
6585,7795,21258.89169377205,270.8174418604651,172,1282370.0,12696.732673267326,25895.9123556906,64044.04593023256,22,372120,60,1,disponent
6589,7815,19185.851320864356,995.867415730337,89,471127.0,7985.203389830508,23400.63444036177,54137.10561797753,8,189696,24,1,disponent
6591,7819,4276.905237419124,118.36092715231788,151,179743.39999999997,1728.3019230769237,5923.774708486194,21368.909933774834,18,20832,48,1,no_disponent
6594,7824,4623.310502226733,4500.0,5,0.0,0.0,8889.038193190532,14900.0,4,189696,24,0,no_disponent
6596,7844,21422.380148412976,1607.8387096774193,31,207622.2,12213.070588235294,18234.74108903289,50765.41612903226,7,91584,24,1,no_disponent
6598,7857,17044.76002469667,268.1380952380952,147,707829.8,6434.8163636363615,19532.468493474174,47220.13401360544,17,68112,12,1,no_disponent
6599,7859,21452.914456134986,966.9794117647058,102,683905.0,11030.72580645161,20598.00230804139,75686.06568627451,20,72120,12,1,disponent
6600,7861,13297.319828113626,2383.2944444444443,18,61640.6,10273.433333333332,15001.855573002804,38509.05,5,21852,36,1,no_disponent
6613,7926,21047.20841107532,3365.942105263158,19,108330.0,15475.714285714286,24271.624057983947,56910.689473684215,3,84120,24,1,no_disponent
6624,7965,15446.517466147652,1784.211627906977,43,185958.4,8085.147826086957,19235.72960061234,47991.53023255814,10,71460,12,1,disponent
6642,8027,20304.337007709768,513.765,60,382261.0,10059.5,23174.95183686821,55570.305,11,77640,12,1,no_disponent
6644,8039,14785.065939027592,477.0163636363637,55,202933.4,5968.629411764707,21469.630340267242,40078.70727272727,10,93600,24,1,no_disponent
6645,8041,19380.17457458899,628.2599999999999,45,233173.0,10137.956521739132,18981.79097613385,43563.619999999995,13,140400,36,1,no_disponent
6647,8051,14500.177189565788,519.8023529411765,85,378872.0,7286.0,16039.860835602089,43944.88941176471,15,208320,48,1,disponent
6650,8073,17673.643380683712,319.869387755102,49,250598.0,7831.1875,24439.877180919786,46576.27755102041,5,49320,12,0,no_disponent
6659,8092,5610.398800145166,226.57794117647063,68,123420.8,3085.5200000000004,8426.832211799325,20158.001470588235,13,56100,60,1,no_disponent
6667,8127,18418.33745229831,313.8366197183098,142,846557.6,9302.830769230766,26666.145799399845,63263.1471830986,21,155880,24,1,disponent
6668,8129,12019.83329243066,496.17761194029845,67,257808.8,6288.019512195123,10605.68811295336,37912.99850746268,13,74736,36,1,no_disponent
6676,8159,8783.15395710689,3160.0166666666664,12,22700.0,7566.666666666667,13131.977125726578,27626.083333333332,4,29784,24,1,disponent
6678,8173,22922.615188792603,1718.1288461538463,52,357403.0,11913.43333333333,26678.258714234544,61531.59038461539,10,80340,12,1,disponent
6686,8260,21609.29235832832,433.19677419354844,93,655864.2,11116.342372881352,21234.856010411902,57496.98924731183,17,224604,36,1,disponent
6687,8261,15010.214805518079,2579.2823529411767,17,58800.0,19600.0,20670.97738216307,46318.55294117647,4,87840,24,1,disponent
6694,8316,16638.728676287676,294.8854545454546,55,248455.59999999998,9938.224000000002,25288.200975246633,44005.112727272724,9,134784,24,1,no_disponent
6696,8321,5561.914755559467,336.85057471264366,87,135039.4,3140.451162790698,8832.079278613892,30045.399999999998,13,89040,60,1,disponent
6698,8327,20129.462529537774,1051.0360000000003,50,276526.0,10241.703703703704,23168.339445014884,60054.734000000004,7,247728,48,1,no_disponent
6699,8330,10984.030000618799,448.8024691358025,81,242506.19999999998,5389.026666666668,12923.560345495733,46444.63950617284,12,7656,24,1,disponent
6704,8377,16945.540746153332,1094.3067567567568,74,351118.4,10639.951515151515,25817.73541355227,58445.02702702703,18,417060,60,1,disponent
6712,8405,9870.65015534237,265.00069444444443,144,382772.19999999995,4206.2879120879115,11836.447603426754,34922.881250000006,17,266220,60,1,no_disponent
6715,8411,10469.033567696924,206.47812500000003,128,391970.79999999993,5296.902702702701,14352.078379313041,36907.45625,17,220620,60,1,no_disponent
6721,8475,4342.030503687461,2057.806666666667,15,8300.0,4150.0,9070.837344626276,21575.686666666665,4,21072,24,1,no_disponent
6725,8489,8594.650650793175,238.44797297297293,148,376948.6,4487.483333333333,9992.57311449955,35566.88108108108,21,265320,36,1,disponent
6726,8492,5437.715083890895,410.0729166666667,96,142433.0,2906.7959183673483,7824.866629042196,30461.404166666664,14,85860,60,1,no_disponent
6729,8519,18708.853799686833,258.33214285714297,112,632417.2,10038.368253968252,20930.650934412955,48484.62410714286,16,74688,12,1,disponent
6732,8533,20505.94743237374,784.6449275362319,69,438787.6,14154.438709677419,23455.92726432901,72968.38115942029,11,174048,48,1,no_disponent
6734,8547,20611.488169243366,939.7010638297871,94,591266.0,12580.127659574468,26512.878935391018,61799.24361702128,10,173016,36,1,no_disponent
6736,8558,13347.710764788262,4345.04,10,21200.0,10600.0,16686.231188764257,33211.759999999995,3,288360,60,1,no_disponent
6737,8564,17120.749837575084,190.15034965034968,143,692645.8,7696.064444444442,21005.680291887616,62933.474825174824,18,76680,24,1,disponent
6738,8566,13931.684027646495,77.14268292682928,82,291580.1,6626.820454545454,29524.489997327957,27658.48780487805,11,230220,36,0,no_disponent
6745,8625,21120.817481329475,374.00239520958087,167,1126736.0,12381.714285714283,30916.763221258978,68740.02335329342,17,47304,24,1,no_disponent
6751,8680,10332.341174969248,1921.9473684210527,19,50200.0,12550.0,12288.06300721313,31337.257894736842,5,85716,36,1,disponent
6764,8776,7694.641657945109,635.2242857142857,70,138702.19999999998,4079.4764705882358,9896.492445941623,38587.76,12,33984,48,1,no_disponent
6785,8899,15744.00196153084,149.66456692913385,127,605600.0,8651.42857142857,22705.18278242659,51145.515748031496,15,125340,60,1,no_disponent
6805,8972,12758.414420079553,984.2153846153844,39,132514.2,6974.431578947369,13151.510254347311,41994.90769230769,7,45024,48,1,no_disponent
6808,8982,15147.828589699904,647.189156626506,83,311648.6,8201.27894736842,29551.483054320095,45134.72168674698,12,227880,36,1,disponent
6810,9006,19156.863900204855,110.54736842105261,190,1125003.0,10416.694444444445,27339.88746857486,61578.30157894737,21,186384,48,1,no_disponent
6816,9017,8029.859466267547,1743.7277777777776,18,28700.0,9566.666666666666,9838.648370404879,28124.933333333334,4,100224,48,0,no_disponent
6817,9024,8568.99648632534,424.07547169811323,53,126253.0,5260.541666666668,12948.761537492877,32646.850943396224,9,70656,48,1,no_disponent
6818,9030,8611.713428013858,352.8720930232558,172,390706.79999999993,3830.458823529411,11044.494392196431,44197.50988372093,23,155616,48,1,disponent
6820,9034,12844.874772157718,1645.7206896551722,29,97495.6,8863.236363636364,13293.431805243708,37462.09310344827,5,38148,12,1,no_disponent
6836,9093,8979.907273174736,240.70588235294122,102,248563.4,4142.723333333334,12250.079572479322,32354.031372549023,13,189300,60,1,no_disponent
6841,9104,17350.244249226984,1385.940476190476,42,209639.4,12331.729411764707,21110.31187474146,60743.95714285715,6,172080,48,1,no_disponent
6863,9188,8272.421582632085,844.7083333333334,24,54873.0,6097.0,11520.18445104369,30060.954166666666,5,127080,60,1,no_disponent
6865,9199,11190.444367966156,3980.9636363636364,11,23600.0,11800.0,11482.495155433136,28977.436363636363,3,29448,12,0,no_disponent
6876,9236,7832.35875991998,2483.5466666666666,15,21300.0,7100.0,11715.975172745155,25714.04666666667,4,86616,12,1,no_disponent
6888,9265,14696.09301011625,207.83652173913046,115,463878.19999999995,7481.906451612902,26896.8541402657,48944.827826086956,17,39576,12,1,no_disponent
6895,9307,12988.770347779553,274.15944055944055,143,460942.0,5761.774999999998,20303.817120135827,36080.38671328671,20,41904,12,1,no_disponent
6903,9337,11893.404419130713,828.8014084507042,71,184703.8,5771.993750000001,20087.36502977943,33459.68028169014,8,52128,24,1,no_disponent
6919,9403,15871.895928293889,541.81875,96,420445.0,7007.416666666667,21557.464543439626,40838.755208333336,16,120888,36,1,no_disponent
6921,9422,24794.068260862376,1027.564285714286,42,325416.80000000005,12516.030769230769,24799.97403787278,59935.271428571425,7,86184,12,1,no_disponent
6929,9472,18416.540680797727,287.8525316455697,158,903996.0,8862.70588235294,25051.25763785537,57977.034810126584,22,36396,12,1,no_disponent
6933,9493,16076.411550968205,1071.809090909091,22,107821.6,10782.16,20050.27841673887,42203.17272727273,5,188688,48,1,no_disponent
6940,9510,9740.218800201024,2685.4,20,45014.6,6430.657142857142,14856.81419017355,41402.134999999995,5,228276,36,1,disponent
6944,9548,11531.204466312141,2277.94705882353,17,53513.0,8918.833333333334,13279.637852717908,33613.105882352946,5,46176,48,1,no_disponent
6949,9583,17185.714118251748,278.84537037037035,108,634004.0,10931.103448275862,25655.51365409269,52379.128703703704,18,104712,24,1,disponent
6950,9591,18724.49067730168,114.1429319371728,191,1133219.2000000002,9522.850420168068,27075.74205832393,57357.84345549738,23,104712,24,1,no_disponent
6955,9627,24416.12085606832,598.5715277777778,144,1242760.0,15534.5,25561.827684429158,75924.24097222222,16,244368,48,1,no_disponent
6960,9640,9723.059727518119,80.1503267973856,153,493209.80000000005,5137.602083333331,11990.873356406239,31375.160784313724,22,76416,24,1,disponent
6961,9645,24061.429211805844,4122.515384615385,13,87600.0,21900.0,21431.237856261745,47154.5,4,176148,36,1,no_disponent
6965,9656,20673.367248672585,221.04848484848486,165,1174244.2000000002,11982.083673469388,30644.157075754654,63889.87393939393,19,139536,24,1,no_disponent
6985,9731,10100.653199432667,472.9736111111112,72,215290.0,4580.63829787234,11410.835423144199,36840.57361111111,11,113796,36,1,disponent
6986,9750,13894.854885772387,464.7105263157895,57,223011.2,7690.041379310345,24000.12499806356,30491.098245614037,9,151728,48,0,no_disponent
6992,9790,17192.9872368186,439.6151898734178,79,375260.2,6701.074999999999,22590.104308053575,46772.315189873414,8,133968,48,1,disponent
6995,9814,14642.147519863054,24.226174496644347,149,612117.0,9417.184615384615,21691.134254741817,50492.688590604026,20,96168,12,1,no_disponent
6996,9828,17524.98914247332,369.0969696969697,132,746782.8,8683.520930232555,17179.81146303782,47118.99318181818,23,126600,24,1,no_disponent
6998,9833,24327.111847324286,635.8492307692305,65,473934.0,10531.866666666665,22871.826586869844,53379.12769230769,10,97632,12,1,no_disponent
7004,9869,11307.3571524592,403.29411764705884,119,411634.3999999999,5210.562025316454,11038.409511529931,36941.99831932773,19,331560,60,1,disponent
7008,9897,10278.817064561963,809.388888888889,36,110200.20000000001,5247.628571428572,14039.273386590507,39063.76666666666,6,36168,12,1,no_disponent
7013,9928,6740.323602780963,959.7159090909091,44,81113.0,3379.7083333333335,10876.871704682686,40005.48181818182,8,89340,60,1,disponent
7034,10001,10352.311006963708,727.0666666666667,69,202631.4,5065.785000000002,10532.784888113652,43121.75507246377,13,19044,36,1,no_disponent
7036,10019,19412.339293636975,375.9615384615386,91,559302.2,10552.871698113202,35314.5278448429,56669.787912087915,15,194940,36,1,no_disponent
7055,10079,21140.798468255125,497.59746835443053,79,546475.0,11879.891304347824,26493.59158887542,63707.626582278484,11,167100,60,1,disponent
7057,10093,17919.22786486886,316.4674603174603,126,653115.0,7099.076086956522,20926.369442514395,45873.61666666667,15,231696,36,1,disponent
7061,10105,19840.92023234639,450.72258064516126,93,594252.4,11004.674074074072,21910.827556377593,54422.596774193546,16,121896,24,1,no_disponent
7066,10131,14013.082635088169,2044.1933333333334,15,30500.0,6100.0,10504.310470160513,32702.726666666666,5,215388,36,0,no_disponent
7097,10266,21502.123350506463,1824.1304347826087,23,133200.0,16650.0,20688.41804888367,50009.90869565217,6,75624,24,0,no_disponent
7101,10297,12060.342532768718,623.362,50,197465.0,7052.321428571429,12359.209052004047,37436.422,10,421008,48,1,no_disponent
7104,10320,17813.828361026244,3954.0882352941176,17,77214.0,11030.57142857143,19487.23966632132,45198.15294117647,5,259740,60,1,no_disponent
7121,10364,8683.950065430414,1090.7444444444445,45,109503.0,4562.625000000001,10171.031845987452,34272.21333333333,9,21924,36,1,disponent
7130,10411,10247.261895356909,128.57230769230767,65,183992.0,4599.8,17185.36385469143,28359.255384615386,12,123408,24,1,no_disponent
7136,10436,5049.990324786255,1574.2956521739131,23,26214.6,2912.733333333333,10625.946392927808,30293.708695652174,6,54396,36,1,no_disponent
7137,10439,24009.473320743848,761.5392857142855,28,226436.2,15095.746666666668,22844.00616457968,53976.29285714286,6,151560,24,1,no_disponent
7138,10440,3846.772247621764,123.19927007299269,137,167458.19999999998,1881.5528089887648,5853.928886719555,24643.283941605838,21,60000,60,1,no_disponent
7142,10451,6602.824811293651,141.84076923076924,130,254724.59999999998,3442.224324324325,9885.477724726501,26358.754615384616,15,482940,60,0,no_disponent
7154,10520,14680.063637527388,1724.6764705882354,34,109400.0,8415.384615384615,18631.358322644723,43196.74411764706,13,417600,60,1,no_disponent
7166,10630,9816.57269762891,2209.0125,16,42703.0,8540.6,13022.421614480605,30953.14375,5,198240,24,1,no_disponent
7176,10663,19972.231296226146,433.8577639751553,161,972480.2000000001,8530.528070175435,20993.62804538802,50676.8198757764,22,260028,36,1,no_disponent
7189,10728,10088.733992988258,417.76067415730336,89,277508.0,4868.561403508772,10868.943277490947,31791.328089887644,15,154656,48,1,no_disponent
7192,10738,11567.789078551777,76.13779527559049,127,389778.0,4812.074074074074,17591.055950194852,25666.407086614174,20,115992,36,1,no_disponent
7194,10762,11799.703118067351,972.4679245283018,53,181697.6,6265.434482758622,12288.790411270784,37557.05471698113,10,68832,36,1,no_disponent
7198,10788,10501.205228710587,2015.837037037037,27,49000.0,9800.0,14361.643030576995,32555.818518518518,9,45768,12,1,no_disponent
7213,10884,10083.019945161826,188.54788732394363,71,222405.19999999998,4942.337777777779,12325.831191185674,33990.41971830986,11,113544,36,1,no_disponent
7220,10911,11984.19240096131,377.8481927710842,83,312816.0,5792.888888888889,12494.312333486101,36635.115662650605,14,131292,36,1,no_disponent
7226,10940,19254.869815776477,2705.9125,16,92700.0,18540.0,19635.357674451083,44735.43125,5,197748,36,1,disponent
7227,10942,21790.34825362607,388.3623076923076,130,960700.0,12982.432432432432,28698.379826165863,63527.42,16,314520,60,1,no_disponent
7233,10963,19850.96819333255,337.72661290322566,124,802426.2,10992.139726027393,21971.162852105062,56646.51612903226,19,115812,36,1,no_disponent
7235,10973,14354.290498364997,1668.8374999999999,32,129141.0,8071.3125,20286.965558464442,46715.8,5,154416,48,1,no_disponent
7240,11013,27294.178010421165,1522.7074074074076,27,235214.0,16801.0,25256.6658167142,57188.21111111111,6,274740,60,1,no_disponent
7241,11021,18218.816178852052,151.90187500000005,160,896438.8,10423.706976744183,28355.36015800731,56053.9975,19,168984,24,0,no_disponent
7243,11042,19111.47447848522,741.7438596491227,57,339863.6,9440.655555555555,18394.513784863888,49107.066666666666,10,217152,36,1,no_disponent
7246,11054,10721.958332188333,492.85806451612893,31,113758.0,7583.866666666667,15220.65126336407,32435.31935483871,6,148920,60,1,no_disponent
7249,11065,7155.811498597825,495.70641025641027,78,165846.0,3528.638297872341,9598.252851868401,33857.106410256405,14,69360,48,1,no_disponent
7259,11111,21829.602141423507,398.570909090909,55,365003.6,11406.3625,25585.472260311017,54652.89818181818,8,108144,36,1,disponent
7262,11135,11034.077886193742,3512.3769230769226,13,31000.0,10333.333333333334,14579.421766566596,33229.10769230769,4,182628,36,1,no_disponent
7263,11138,21086.368820962165,1347.5689655172414,29,176460.0,11028.75,27471.97500043153,62571.28275862069,5,89880,24,1,no_disponent
7271,11186,19837.442359764755,372.34405594405587,143,894477.7999999999,9221.420618556696,20293.363479654072,57131.740559440565,22,392460,60,1,disponent
7284,11265,5366.660290576611,489.04651162790697,43,69355.79999999999,3152.536363636363,6652.642956340849,22198.17906976744,8,52788,12,1,no_disponent
7304,11349,33871.42166678545,1372.4722222222222,18,207486.0,29640.85714285714,27879.396856671145,59352.833333333336,5,419880,60,1,disponent
7305,11359,13999.218036784796,174.71156462585037,147,627249.8,6149.507843137252,15469.988112964207,36480.18503401361,22,54024,12,1,no_disponent
7308,11362,7745.727553476762,226.1644859813084,107,231341.39999999997,2965.9153846153854,11709.142374755249,30869.781308411217,14,129408,24,1,no_disponent
